game_id,reference,scheduled,status,season_year,season_type,home_id,home_alias,home_name,home_score,away_id,away_alias,away_name,away_score,home_q1,away_q1,home_q2,away_q2,home_q3,away_q3,home_q4,away_q4,home_ot1,away_ot1,home_ot2,away_ot2,home_ot3,away_ot3,home_ot4,away_ot4
820c5325-360f-4b9e-a67c-77fe71338871,0022500001,2025-10-21T23:30:00+00:00,closed,2025,REG,583ecfff-fb46-11e1-82cb-f4ce4684ea4c,OKC,Thunder,125,583ecb3a-fb46-11e1-82cb-f4ce4684ea4c,HOU,Rockets,124,27,30,24,27,24,22,29,25,11,11,10,9,,,,
64fdbf4b-0593-485b-b394-abce2b37d57d,0022500002,2025-10-22T02:00:00+00:00,closed,2025,REG,583ecae2-fb46-11e1-82cb-f4ce4684ea4c,LAL,Lakers,109,583ec825-fb46-11e1-82cb-f4ce4684ea4c,GSW,Warriors,119,22,28,32,27,25,35,30,29,,,,,,,,
1b244e27-f093-40bb-88ec-69b23782cecb,0022500080,2025-10-22T23:00:00+00:00,closed,2025,REG,583ec97e-fb46-11e1-82cb-f4ce4684ea4c,CHA,Hornets,136,583ec9d6-fb46-11e1-82cb-f4ce4684ea4c,BKN,Nets,117,38,32,39,28,34,37,25,20,,,,,,,,
ea0eb115-4d33-4004-b780-ab3e7eb8e0b5,0022500081,2025-10-22T23:00:00+00:00,closed,2025,REG,583ed157-fb46-11e1-82cb-f4ce4684ea4c,ORL,Magic,125,583ecea6-fb46-11e1-82cb-f4ce4684ea4c,MIA,Heat,121,38,39,31,26,21,26,35,30,,,,,,,,
f6812d8c-35ce-4512-940c-94060d6bb942,0022500003,2025-10-22T23:00:00+00:00,closed,2025,REG,583ec70e-fb46-11e1-82cb-f4ce4684ea4c,NYK,Knicks,119,583ec773-fb46-11e1-82cb-f4ce4684ea4c,CLE,Cavaliers,111,33,23,32,27,22,37,32,24,,,,,,,,
45740870-bc38-4839-945c-e4f24725b029,0022500082,2025-10-22T23:30:00+00:00,closed,2025,REG,583ecb8f-fb46-11e1-82cb-f4ce4684ea4c,ATL,Hawks,118,583ecda6-fb46-11e1-82cb-f4ce4684ea4c,TOR,Raptors,138,34,36,25,29,28,45,31,28,,,,,,,,
f8e213c8-8826-4379-a924-4d0cdbb11c5c,0022500083,2025-10-22T23:30:00+00:00,closed,2025,REG,583eccfa-fb46-11e1-82cb-f4ce4684ea4c,BOS,Celtics,116,583ec87d-fb46-11e1-82cb-f4ce4684ea4c,PHI,76ers,117,28,26,23,31,35,18,30,42,,,,,,,,
87ea2012-89e7-44b6-997d-e26b0c0259fa,0022500085,2025-10-23T00:00:00+00:00,closed,2025,REG,583eca88-fb46-11e1-82cb-f4ce4684ea4c,MEM,Grizzlies,128,583ecc9a-fb46-11e1-82cb-f4ce4684ea4c,NOP,Pelicans,122,27,30,29,37,41,22,31,33,,,,,,,,
97f3d57a-7f8a-47c1-bcf3-f51ba252663f,0022500084,2025-10-23T00:00:00+00:00,closed,2025,REG,583ec5fd-fb46-11e1-82cb-f4ce4684ea4c,CHI,Bulls,115,583ec928-fb46-11e1-82cb-f4ce4684ea4c,DET,Pistons,111,35,19,29,30,30,30,21,32,,,,,,,,
fd7b67bd-cbca-4e55-9a43-1da4f9b87c48,0022500086,2025-10-23T00:00:00+00:00,closed,2025,REG,583ecefd-fb46-11e1-82cb-f4ce4684ea4c,MIL,Bucks,133,583ec8d4-fb46-11e1-82cb-f4ce4684ea4c,WAS,Wizards,120,40,23,32,30,29,37,32,30,,,,,,,,
bab1225d-4bf7-4d89-9ad9-345cbaca4ce2,0022500087,2025-10-23T01:00:00+00:00,closed,2025,REG,583ece50-fb46-11e1-82cb-f4ce4684ea4c,UTA,Jazz,129,583ecdfb-fb46-11e1-82cb-f4ce4684ea4c,LAC,Clippers,108,43,19,35,28,30,33,21,28,,,,,,,,
1661d7f0-ee47-47d2-9887-4d0692405365,0022500004,2025-10-23T01:30:00+00:00,closed,2025,REG,583ecf50-fb46-11e1-82cb-f4ce4684ea4c,DAL,Mavericks,92,583ecd4f-fb46-11e1-82cb-f4ce4684ea4c,SAS,Spurs,125,29,28,22,32,21,33,20,32,,,,,,,,
0c1087ab-0c42-4a54-873f-9107f6a229d8,0022500088,2025-10-23T02:00:00+00:00,closed,2025,REG,583ecfa8-fb46-11e1-82cb-f4ce4684ea4c,PHX,Suns,120,583ed0ac-fb46-11e1-82cb-f4ce4684ea4c,SAC,Kings,116,19,29,35,42,36,21,30,24,,,,,,,,
8b9e2b5a-e89b-4b4e-81dc-0ad923fb14c2,0022500089,2025-10-23T02:00:00+00:00,closed,2025,REG,583ed056-fb46-11e1-82cb-f4ce4684ea4c,POR,Trail Blazers,114,583eca2f-fb46-11e1-82cb-f4ce4684ea4c,MIN,Timberwolves,118,35,33,26,24,34,31,19,30,,,,,,,,
cfdbd61e-5a31-43e9-835d-d20cc3fbc118,0022500005,2025-10-23T23:30:00+00:00,closed,2025,REG,583ec7cd-fb46-11e1-82cb-f4ce4684ea4c,IND,Pacers,135,583ecfff-fb46-11e1-82cb-f4ce4684ea4c,OKC,Thunder,141,25,22,22,32,31,27,35,32,11,11,11,17,,,,
59b2caa3-dcb2-49b6-a39c-3ec99875f2fc,0022500006,2025-10-24T02:00:00+00:00,closed,2025,REG,583ec825-fb46-11e1-82cb-f4ce4684ea4c,GSW,Warriors,137,583ed102-fb46-11e1-82cb-f4ce4684ea4c,DEN,Nuggets,131,27,31,34,39,33,24,26,26,17,11,,,,,,
3ef41571-c5af-41e5-846b-8a5b4aaf3cf2,0022500092,2025-10-24T22:30:00+00:00,closed,2025,REG,583ecda6-fb46-11e1-82cb-f4ce4684ea4c,TOR,Raptors,116,583ecefd-fb46-11e1-82cb-f4ce4684ea4c,MIL,Bucks,122,19,27,35,25,32,34,30,36,,,,,,,,
02c5c217-0ba7-496b-860d-74c19daa5d36,0022500090,2025-10-24T23:00:00+00:00,closed,2025,REG,583ed157-fb46-11e1-82cb-f4ce4684ea4c,ORL,Magic,107,583ecb8f-fb46-11e1-82cb-f4ce4684ea4c,ATL,Hawks,111,24,25,37,26,25,27,21,33,,,,,,,,
28bf57c1-11c5-454f-a246-1c36b8b46c64,0022500091,2025-10-24T23:30:00+00:00,closed,2025,REG,583ec9d6-fb46-11e1-82cb-f4ce4684ea4c,BKN,Nets,124,583ec773-fb46-11e1-82cb-f4ce4684ea4c,CLE,Cavaliers,131,23,34,28,29,35,45,38,23,,,,,,,,
59d9f86a-963c-4e08-b2d9-4eac66e4c734,0022500018,2025-10-24T23:30:00+00:00,closed,2025,REG,583ec70e-fb46-11e1-82cb-f4ce4684ea4c,NYK,Knicks,105,583eccfa-fb46-11e1-82cb-f4ce4684ea4c,BOS,Celtics,95,22,30,42,14,18,21,23,30,,,,,,,,
1a547126-9a36-4d69-824f-2b7d0c934499,0022500095,2025-10-25T00:00:00+00:00,closed,2025,REG,583ecc9a-fb46-11e1-82cb-f4ce4684ea4c,NOP,Pelicans,116,583ecd4f-fb46-11e1-82cb-f4ce4684ea4c,SAS,Spurs,120,27,30,31,27,22,25,27,25,9,13,,,,,,
8e0156cc-acde-40f3-9b2d-bb3f76a6b555,0022500094,2025-10-25T00:00:00+00:00,closed,2025,REG,583eca88-fb46-11e1-82cb-f4ce4684ea4c,MEM,Grizzlies,114,583ecea6-fb46-11e1-82cb-f4ce4684ea4c,MIA,Heat,146,25,44,22,42,29,28,38,32,,,,,,,,
df787731-3778-4cc5-909e-17bdb5498b51,0022500093,2025-10-25T00:00:00+00:00,closed,2025,REG,583ecb3a-fb46-11e1-82cb-f4ce4684ea4c,HOU,Rockets,111,583ec928-fb46-11e1-82cb-f4ce4684ea4c,DET,Pistons,115,33,32,23,31,30,24,25,28,,,,,,,,
5e8230c9-907e-4827-a1f9-10eeac92326c,0022500096,2025-10-25T00:30:00+00:00,closed,2025,REG,583ecf50-fb46-11e1-82cb-f4ce4684ea4c,DAL,Mavericks,107,583ec8d4-fb46-11e1-82cb-f4ce4684ea4c,WAS,Wizards,117,35,28,17,30,26,33,29,26,,,,,,,,
2de6eaea-abe8-490c-8741-0b9ad5b6c334,0022500098,2025-10-25T02:00:00+00:00,closed,2025,REG,583ed0ac-fb46-11e1-82cb-f4ce4684ea4c,SAC,Kings,105,583ece50-fb46-11e1-82cb-f4ce4684ea4c,UTA,Jazz,104,31,24,18,22,29,30,27,28,,,,,,,,
33e5a9d3-b4fe-4088-8f88-09e6bdd0df02,0022500019,2025-10-25T02:00:00+00:00,closed,2025,REG,583ecae2-fb46-11e1-82cb-f4ce4684ea4c,LAL,Lakers,128,583eca2f-fb46-11e1-82cb-f4ce4684ea4c,MIN,Timberwolves,110,36,40,32,23,40,31,20,16,,,,,,,,
9d183f4a-73b3-4ac8-8f58-a48b594afe74,0022500097,2025-10-25T02:00:00+00:00,closed,2025,REG,583ed056-fb46-11e1-82cb-f4ce4684ea4c,POR,Trail Blazers,139,583ec825-fb46-11e1-82cb-f4ce4684ea4c,GSW,Warriors,119,28,28,41,28,34,35,36,28,,,,,,,,
19850843-6a5c-4479-a7d2-27f844b8a4c7,0022500099,2025-10-25T02:30:00+00:00,closed,2025,REG,583ecdfb-fb46-11e1-82cb-f4ce4684ea4c,LAC,Clippers,129,583ecfa8-fb46-11e1-82cb-f4ce4684ea4c,PHX,Suns,102,34,33,38,23,34,21,23,25,,,,,,,,
8e139915-e199-4aab-8811-d1a942ef8e85,0022500100,2025-10-25T23:00:00+00:00,closed,2025,REG,583ed157-fb46-11e1-82cb-f4ce4684ea4c,ORL,Magic,98,583ec5fd-fb46-11e1-82cb-f4ce4684ea4c,CHI,Bulls,110,30,29,19,23,31,31,18,27,,,,,,,,
5932ddf0-170a-4ccb-a5ac-855aa3a7c0fe,0022500101,2025-10-25T23:30:00+00:00,closed,2025,REG,583ecb8f-fb46-11e1-82cb-f4ce4684ea4c,ATL,Hawks,100,583ecfff-fb46-11e1-82cb-f4ce4684ea4c,OKC,Thunder,117,26,31,29,29,25,39,20,18,,,,,,,,
9b08482f-a071-4a93-8e25-2c78ea8da5ac,0022500102,2025-10-25T23:30:00+00:00,closed,2025,REG,583ec87d-fb46-11e1-82cb-f4ce4684ea4c,PHI,76ers,125,583ec97e-fb46-11e1-82cb-f4ce4684ea4c,CHA,Hornets,121,36,29,25,29,25,38,39,25,,,,,,,,
ca96af69-b354-4e78-888a-19983b03dfeb,0022500103,2025-10-26T00:00:00+00:00,closed,2025,REG,583eca88-fb46-11e1-82cb-f4ce4684ea4c,MEM,Grizzlies,128,583ec7cd-fb46-11e1-82cb-f4ce4684ea4c,IND,Pacers,103,23,21,37,31,43,32,25,19,,,,,,,,
24f16339-521b-4849-a065-49f409abbde9,0022500104,2025-10-26T01:00:00+00:00,closed,2025,REG,583ed102-fb46-11e1-82cb-f4ce4684ea4c,DEN,Nuggets,133,583ecfa8-fb46-11e1-82cb-f4ce4684ea4c,PHX,Suns,111,34,28,37,26,29,29,33,28,,,,,,,,
4701e677-6814-41cc-bb1c-b8435c0f2589,0022500105,2025-10-26T18:00:00+00:00,closed,2025,REG,583ecd4f-fb46-11e1-82cb-f4ce4684ea4c,SAS,Spurs,118,583ec9d6-fb46-11e1-82cb-f4ce4684ea4c,BKN,Nets,107,31,24,38,24,19,33,30,26,,,,,,,,
63217aa1-52a6-4613-87ad-85ff11a2ad51,0022500106,2025-10-26T19:30:00+00:00,closed,2025,REG,583ec928-fb46-11e1-82cb-f4ce4684ea4c,DET,Pistons,119,583eccfa-fb46-11e1-82cb-f4ce4684ea4c,BOS,Celtics,113,24,33,36,25,34,23,25,32,,,,,,,,
5825538f-0357-4c4c-8c33-71dba119ceec,0022500108,2025-10-26T22:00:00+00:00,closed,2025,REG,583ecea6-fb46-11e1-82cb-f4ce4684ea4c,MIA,Heat,115,583ec70e-fb46-11e1-82cb-f4ce4684ea4c,NYK,Knicks,107,24,27,33,27,31,27,27,26,,,,,,,,
a8049bbf-714c-4b7b-b9c8-19c3e96fd2f9,0022500109,2025-10-26T22:00:00+00:00,closed,2025,REG,583ec8d4-fb46-11e1-82cb-f4ce4684ea4c,WAS,Wizards,113,583ec97e-fb46-11e1-82cb-f4ce4684ea4c,CHA,Hornets,139,30,31,32,20,26,44,25,44,,,,,,,,
d4044fdc-ba87-4c2b-9c3c-120a9f194e3a,0022500107,2025-10-26T22:00:00+00:00,closed,2025,REG,583ec773-fb46-11e1-82cb-f4ce4684ea4c,CLE,Cavaliers,118,583ecefd-fb46-11e1-82cb-f4ce4684ea4c,MIL,Bucks,113,29,31,36,25,21,28,32,29,,,,,,,,
5fdbb203-46a1-4dac-884d-d5a9c8b7a40d,0022500110,2025-10-26T23:00:00+00:00,closed,2025,REG,583eca2f-fb46-11e1-82cb-f4ce4684ea4c,MIN,Timberwolves,114,583ec7cd-fb46-11e1-82cb-f4ce4684ea4c,IND,Pacers,110,28,28,30,32,28,17,28,33,,,,,,,,
e9f09374-9b4e-40f5-89be-4759dd3acbd7,0022500111,2025-10-26T23:30:00+00:00,closed,2025,REG,583ecf50-fb46-11e1-82cb-f4ce4684ea4c,DAL,Mavericks,139,583ecda6-fb46-11e1-82cb-f4ce4684ea4c,TOR,Raptors,129,32,32,32,34,39,25,36,38,,,,,,,,
26013712-503f-4fb1-9846-e11c23941edf,0022500112,2025-10-27T01:00:00+00:00,closed,2025,REG,583ecdfb-fb46-11e1-82cb-f4ce4684ea4c,LAC,Clippers,114,583ed056-fb46-11e1-82cb-f4ce4684ea4c,POR,Trail Blazers,107,34,23,21,37,32,22,27,25,,,,,,,,
56dc7bc4-bc9d-4f60-8b4b-93ae8d56339f,0022500113,2025-10-27T01:00:00+00:00,closed,2025,REG,583ed0ac-fb46-11e1-82cb-f4ce4684ea4c,SAC,Kings,120,583ecae2-fb46-11e1-82cb-f4ce4684ea4c,LAL,Lakers,127,27,36,35,26,28,33,30,32,,,,,,,,
3ba36203-f0bd-4cca-88af-f24e24f8d719,0022500114,2025-10-27T23:00:00+00:00,closed,2025,REG,583ec87d-fb46-11e1-82cb-f4ce4684ea4c,PHI,76ers,136,583ed157-fb46-11e1-82cb-f4ce4684ea4c,ORL,Magic,124,33,28,39,32,29,34,35,30,,,,,,,,
b353a7b1-a19d-47d3-9baf-2a0d0cd6375a,0022500007,2025-10-27T23:00:00+00:00,closed,2025,REG,583ec928-fb46-11e1-82cb-f4ce4684ea4c,DET,Pistons,95,583ec773-fb46-11e1-82cb-f4ce4684ea4c,CLE,Cavaliers,116,24,33,17,30,25,27,29,26,,,,,,,,
804c758c-2013-4df0-9db9-5eebf1b162be,0022500117,2025-10-28T00:00:00+00:00,closed,2025,REG,583ecc9a-fb46-11e1-82cb-f4ce4684ea4c,NOP,Pelicans,90,583eccfa-fb46-11e1-82cb-f4ce4684ea4c,BOS,Celtics,122,26,34,28,31,24,22,12,35,,,,,,,,
89f4794b-308f-4b6b-bd50-6fa23eab8fb1,0022500118,2025-10-28T00:00:00+00:00,closed,2025,REG,583ecd4f-fb46-11e1-82cb-f4ce4684ea4c,SAS,Spurs,121,583ecda6-fb46-11e1-82cb-f4ce4684ea4c,TOR,Raptors,103,41,29,28,21,26,28,26,25,,,,,,,,
ae4e0833-15ee-49aa-931f-144fbb4f44ed,0022500115,2025-10-28T00:00:00+00:00,closed,2025,REG,583ec5fd-fb46-11e1-82cb-f4ce4684ea4c,CHI,Bulls,128,583ecb8f-fb46-11e1-82cb-f4ce4684ea4c,ATL,Hawks,123,27,35,30,23,41,34,30,31,,,,,,,,
c8c0760b-538f-472b-88cc-98f2ae2a8008,0022500116,2025-10-28T00:00:00+00:00,closed,2025,REG,583ecb3a-fb46-11e1-82cb-f4ce4684ea4c,HOU,Rockets,137,583ec9d6-fb46-11e1-82cb-f4ce4684ea4c,BKN,Nets,109,42,25,29,35,32,17,34,32,,,,,,,,
81354053-a09c-4efc-8d2d-c38bbd93c7de,0022500119,2025-10-28T00:30:00+00:00,closed,2025,REG,583ecf50-fb46-11e1-82cb-f4ce4684ea4c,DAL,Mavericks,94,583ecfff-fb46-11e1-82cb-f4ce4684ea4c,OKC,Thunder,101,24,28,18,20,27,39,25,14,,,,,,,,
66076682-4dfb-4986-bcff-7b4ffba61a2c,0022500120,2025-10-28T01:00:00+00:00,closed,2025,REG,583ece50-fb46-11e1-82cb-f4ce4684ea4c,UTA,Jazz,138,583ecfa8-fb46-11e1-82cb-f4ce4684ea4c,PHX,Suns,134,39,27,25,34,30,25,30,38,14,10,,,,,,
925ec994-6b57-41d3-bec8-45529822b291,0022500008,2025-10-28T01:30:00+00:00,closed,2025,REG,583eca2f-fb46-11e1-82cb-f4ce4684ea4c,MIN,Timberwolves,114,583ed102-fb46-11e1-82cb-f4ce4684ea4c,DEN,Nuggets,127,30,34,35,23,29,45,20,25,,,,,,,,
e205a4ae-15cb-4d4d-8463-7fdc7196b2ac,0022500121,2025-10-28T02:00:00+00:00,closed,2025,REG,583ec825-fb46-11e1-82cb-f4ce4684ea4c,GSW,Warriors,131,583eca88-fb46-11e1-82cb-f4ce4684ea4c,MEM,Grizzlies,118,36,37,29,24,36,24,30,33,,,,,,,,
1dcc15de-bf49-4b53-adb6-8219d4dfa2d3,0022500122,2025-10-28T02:30:00+00:00,closed,2025,REG,583ecae2-fb46-11e1-82cb-f4ce4684ea4c,LAL,Lakers,108,583ed056-fb46-11e1-82cb-f4ce4684ea4c,POR,Trail Blazers,122,24,28,27,29,26,32,31,33,,,,,,,,
468e3c63-38d5-4aff-9876-64dd432635c7,0022500123,2025-10-28T23:00:00+00:00,closed,2025,REG,583ec8d4-fb46-11e1-82cb-f4ce4684ea4c,WAS,Wizards,134,583ec87d-fb46-11e1-82cb-f4ce4684ea4c,PHI,76ers,139,40,32,32,36,38,26,16,32,8,13,,,,,,
9e091032-ed94-4f70-9fa3-db8a3fe67dcc,0022500124,2025-10-28T23:30:00+00:00,closed,2025,REG,583ecea6-fb46-11e1-82cb-f4ce4684ea4c,MIA,Heat,144,583ec97e-fb46-11e1-82cb-f4ce4684ea4c,CHA,Hornets,117,37,34,39,26,29,28,39,29,,,,,,,,
812b1203-ca9b-49b3-b2b4-97a9181e4555,0022500126,2025-10-29T00:00:00+00:00,closed,2025,REG,583ecfff-fb46-11e1-82cb-f4ce4684ea4c,OKC,Thunder,107,583ed0ac-fb46-11e1-82cb-f4ce4684ea4c,SAC,Kings,101,24,29,34,33,22,21,27,18,,,,,,,,
91436555-e91e-43a3-bf00-9be49fe2f2b8,0022500125,2025-10-29T00:00:00+00:00,closed,2025,REG,583ecefd-fb46-11e1-82cb-f4ce4684ea4c,MIL,Bucks,121,583ec70e-fb46-11e1-82cb-f4ce4684ea4c,NYK,Knicks,111,27,26,32,45,35,20,27,20,,,,,,,,
0e01102b-3c45-48d8-8f28-62ac9eb9c28f,0022500127,2025-10-29T03:00:00+00:00,closed,2025,REG,583ec825-fb46-11e1-82cb-f4ce4684ea4c,GSW,Warriors,98,583ecdfb-fb46-11e1-82cb-f4ce4684ea4c,LAC,Clippers,79,33,25,13,24,32,14,20,16,,,,,,,,
33d182c4-d1f7-4282-9401-4102c58eaca1,0022500131,2025-10-29T22:30:00+00:00,closed,2025,REG,583ecda6-fb46-11e1-82cb-f4ce4684ea4c,TOR,Raptors,121,583ecb3a-fb46-11e1-82cb-f4ce4684ea4c,HOU,Rockets,139,30,39,33,31,28,36,30,33,,,,,,,,
d3bf9e84-e9f8-438e-af3e-1c79d6535cf7,0022500128,2025-10-29T23:00:00+00:00,closed,2025,REG,583eccfa-fb46-11e1-82cb-f4ce4684ea4c,BOS,Celtics,125,583ec773-fb46-11e1-82cb-f4ce4684ea4c,CLE,Cavaliers,105,40,42,35,18,23,25,27,20,,,,,,,,
ff5b322d-d4a1-4c59-9303-9ec645f2df7e,0022500129,2025-10-29T23:00:00+00:00,closed,2025,REG,583ec928-fb46-11e1-82cb-f4ce4684ea4c,DET,Pistons,135,583ed157-fb46-11e1-82cb-f4ce4684ea4c,ORL,Magic,116,29,36,36,28,36,28,34,24,,,,,,,,
6c2b2441-4e41-4163-a39c-7d96ee5d4f93,0022500130,2025-10-29T23:30:00+00:00,closed,2025,REG,583ec9d6-fb46-11e1-82cb-f4ce4684ea4c,BKN,Nets,112,583ecb8f-fb46-11e1-82cb-f4ce4684ea4c,ATL,Hawks,117,27,34,24,30,32,30,29,23,,,,,,,,
bc95fda1-db42-4009-945d-ee616c85af01,0022500132,2025-10-30T00:00:00+00:00,closed,2025,REG,583ec5fd-fb46-11e1-82cb-f4ce4684ea4c,CHI,Bulls,126,583ed0ac-fb46-11e1-82cb-f4ce4684ea4c,SAC,Kings,113,36,33,26,31,39,27,25,22,,,,,,,,
5e007767-9ee5-4507-bf8e-0cdb324e1ea0,0022500133,2025-10-30T00:30:00+00:00,closed,2025,REG,583ecf50-fb46-11e1-82cb-f4ce4684ea4c,DAL,Mavericks,107,583ec7cd-fb46-11e1-82cb-f4ce4684ea4c,IND,Pacers,105,25,30,27,25,29,19,26,31,,,,,,,,
859ae985-dacb-40b5-98dc-35e85d360c0d,0022500135,2025-10-30T01:00:00+00:00,closed,2025,REG,583ece50-fb46-11e1-82cb-f4ce4684ea4c,UTA,Jazz,134,583ed056-fb46-11e1-82cb-f4ce4684ea4c,POR,Trail Blazers,136,43,33,30,46,25,38,36,19,,,,,,,,
878a2a3c-55b5-4e5e-a5a4-588057a81645,0022500134,2025-10-30T01:00:00+00:00,closed,2025,REG,583ed102-fb46-11e1-82cb-f4ce4684ea4c,DEN,Nuggets,122,583ecc9a-fb46-11e1-82cb-f4ce4684ea4c,NOP,Pelicans,88,34,25,19,22,39,11,30,30,,,,,,,,
ac3d29cf-e960-459a-b76a-5f1d523b9881,0022500136,2025-10-30T01:30:00+00:00,closed,2025,REG,583eca2f-fb46-11e1-82cb-f4ce4684ea4c,MIN,Timberwolves,115,583ecae2-fb46-11e1-82cb-f4ce4684ea4c,LAL,Lakers,116,34,32,24,30,28,35,29,19,,,,,,,,
50c0ade3-58d3-4459-97ab-073e4f1616d9,0022500137,2025-10-30T02:00:00+00:00,closed,2025,REG,583ecfa8-fb46-11e1-82cb-f4ce4684ea4c,PHX,Suns,113,583eca88-fb46-11e1-82cb-f4ce4684ea4c,MEM,Grizzlies,114,26,27,27,22,25,32,35,33,,,,,,,,
d72f66ed-f06b-43f0-a32b-fa67f6745e6f,0022500138,2025-10-30T23:00:00+00:00,closed,2025,REG,583ec97e-fb46-11e1-82cb-f4ce4684ea4c,CHA,Hornets,107,583ed157-fb46-11e1-82cb-f4ce4684ea4c,ORL,Magic,123,31,38,27,33,27,21,22,31,,,,,,,,
6d66709a-d4dd-4722-bb35-7a67c2d7bacd,0022500139,2025-10-31T00:00:00+00:00,closed,2025,REG,583ecefd-fb46-11e1-82cb-f4ce4684ea4c,MIL,Bucks,120,583ec825-fb46-11e1-82cb-f4ce4684ea4c,GSW,Warriors,110,34,25,26,33,27,26,33,26,,,,,,,,
ded77e56-17ee-48d1-aef1-b66988b6f446,0022500140,2025-10-31T00:00:00+00:00,closed,2025,REG,583ecfff-fb46-11e1-82cb-f4ce4684ea4c,OKC,Thunder,127,583ec8d4-fb46-11e1-82cb-f4ce4684ea4c,WAS,Wizards,108,28,20,31,29,33,35,35,24,,,,,,,,
050f1b9c-f6e3-4f23-b160-b48e160ec37b,0022500141,2025-10-31T00:30:00+00:00,closed,2025,REG,583ecd4f-fb46-11e1-82cb-f4ce4684ea4c,SAS,Spurs,107,583ecea6-fb46-11e1-82cb-f4ce4684ea4c,MIA,Heat,101,33,31,26,27,28,14,20,29,,,,,,,,
19e1a3ca-ea13-40a9-9acf-910b51865ab9,0022500020,2025-10-31T23:00:00+00:00,closed,2025,REG,583ec7cd-fb46-11e1-82cb-f4ce4684ea4c,IND,Pacers,108,583ecb8f-fb46-11e1-82cb-f4ce4684ea4c,ATL,Hawks,128,29,32,30,31,17,34,32,31,,,,,,,,
e735bb7b-4af4-4e1a-bc36-266949786cb9,0022500021,2025-10-31T23:00:00+00:00,closed,2025,REG,583ec87d-fb46-11e1-82cb-f4ce4684ea4c,PHI,76ers,108,583eccfa-fb46-11e1-82cb-f4ce4684ea4c,BOS,Celtics,109,25,38,32,30,25,21,26,20,,,,,,,,
6cb6f04f-ccb8-4fee-92bb-8197700d320e,0022500022,2025-10-31T23:30:00+00:00,closed,2025,REG,583ec773-fb46-11e1-82cb-f4ce4684ea4c,CLE,Cavaliers,101,583ecda6-fb46-11e1-82cb-f4ce4684ea4c,TOR,Raptors,112,22,30,21,18,34,33,24,31,,,,,,,,
beccd6bb-bc62-4a27-95e6-db1f9b462ca2,0022500023,2025-11-01T00:00:00+00:00,closed,2025,REG,583ec5fd-fb46-11e1-82cb-f4ce4684ea4c,CHI,Bulls,135,583ec70e-fb46-11e1-82cb-f4ce4684ea4c,NYK,Knicks,125,35,27,37,26,28,38,35,34,,,,,,,,
f9c829fa-33da-43c3-b01c-ccb3a7dd4b86,0022500024,2025-11-01T01:30:00+00:00,closed,2025,REG,583eca88-fb46-11e1-82cb-f4ce4684ea4c,MEM,Grizzlies,112,583ecae2-fb46-11e1-82cb-f4ce4684ea4c,LAL,Lakers,117,27,31,42,24,22,34,21,28,,,,,,,,
9e0f4723-e0af-43e4-b878-479efb11fd41,0022500026,2025-11-01T02:00:00+00:00,closed,2025,REG,583ed056-fb46-11e1-82cb-f4ce4684ea4c,POR,Trail Blazers,109,583ed102-fb46-11e1-82cb-f4ce4684ea4c,DEN,Nuggets,107,18,26,35,31,18,24,38,26,,,,,,,,
c43d2fa7-340c-4b8a-b1a4-d5a87d46d585,0022500025,2025-11-01T02:00:00+00:00,closed,2025,REG,583ecfa8-fb46-11e1-82cb-f4ce4684ea4c,PHX,Suns,118,583ece50-fb46-11e1-82cb-f4ce4684ea4c,UTA,Jazz,96,37,17,17,23,29,27,35,29,,,,,,,,
ad6d4dbd-53a3-457d-85af-d5d9a4ca8891,0022500027,2025-11-01T02:30:00+00:00,closed,2025,REG,583ecdfb-fb46-11e1-82cb-f4ce4684ea4c,LAC,Clippers,126,583ecc9a-fb46-11e1-82cb-f4ce4684ea4c,NOP,Pelicans,124,26,28,41,31,27,25,32,40,,,,,,,,
0e111fb0-ae26-46e0-a5c8-3581830320a0,0022500142,2025-11-01T21:00:00+00:00,closed,2025,REG,583ecefd-fb46-11e1-82cb-f4ce4684ea4c,MIL,Bucks,133,583ed0ac-fb46-11e1-82cb-f4ce4684ea4c,SAC,Kings,135,47,36,24,34,31,38,31,27,,,,,,,,
385cfd76-7204-461c-87db-c0856e9544e8,0022500143,2025-11-01T22:00:00+00:00,closed,2025,REG,583ec97e-fb46-11e1-82cb-f4ce4684ea4c,CHA,Hornets,105,583eca2f-fb46-11e1-82cb-f4ce4684ea4c,MIN,Timberwolves,122,31,25,25,25,18,36,31,36,,,,,,,,
455c0c3a-6753-423d-84ea-405a7aa62add,0022500145,2025-11-01T23:00:00+00:00,closed,2025,REG,583ec8d4-fb46-11e1-82cb-f4ce4684ea4c,WAS,Wizards,94,583ed157-fb46-11e1-82cb-f4ce4684ea4c,ORL,Magic,125,35,32,21,43,19,28,19,22,,,,,,,,
9a75174c-c67e-40be-a361-fea76722e094,0022500144,2025-11-01T23:00:00+00:00,closed,2025,REG,583ec7cd-fb46-11e1-82cb-f4ce4684ea4c,IND,Pacers,114,583ec825-fb46-11e1-82cb-f4ce4684ea4c,GSW,Warriors,109,28,32,25,26,29,30,32,21,,,,,,,,
44470581-5a22-4446-80cc-22ebe112d368,0022500146,2025-11-02T00:00:00+00:00,closed,2025,REG,583eccfa-fb46-11e1-82cb-f4ce4684ea4c,BOS,Celtics,101,583ecb3a-fb46-11e1-82cb-f4ce4684ea4c,HOU,Rockets,128,24,37,24,29,24,31,29,31,,,,,,,,
89fcc6ad-7253-4bbc-93ab-3bd9c478cfde,0022500147,2025-11-02T02:00:00+00:00,closed,2025,REG,583ec928-fb46-11e1-82cb-f4ce4684ea4c,DET,Pistons,122,583ecf50-fb46-11e1-82cb-f4ce4684ea4c,DAL,Mavericks,110,27,30,32,31,28,32,35,17,,,,,,,,
7a490d84-825f-43b2-9759-3a9344ceddec,0022500148,2025-11-02T20:30:00+00:00,closed,2025,REG,583ecfff-fb46-11e1-82cb-f4ce4684ea4c,OKC,Thunder,137,583ecc9a-fb46-11e1-82cb-f4ce4684ea4c,NOP,Pelicans,106,39,22,36,30,33,30,29,24,,,,,,,,
1d864952-9763-41f8-b055-6f374fc7b40b,0022500150,2025-11-02T23:00:00+00:00,closed,2025,REG,583ec97e-fb46-11e1-82cb-f4ce4684ea4c,CHA,Hornets,126,583ece50-fb46-11e1-82cb-f4ce4684ea4c,UTA,Jazz,103,39,25,32,23,33,38,22,17,,,,,,,,
21799359-108f-4eaa-bef1-cb4a5fc66ef3,0022500152,2025-11-02T23:00:00+00:00,closed,2025,REG,583ecda6-fb46-11e1-82cb-f4ce4684ea4c,TOR,Raptors,117,583eca88-fb46-11e1-82cb-f4ce4684ea4c,MEM,Grizzlies,104,26,23,27,24,31,24,33,33,,,,,,,,
38909239-dc72-4780-8867-7f39b6d67937,0022500151,2025-11-02T23:00:00+00:00,closed,2025,REG,583ec773-fb46-11e1-82cb-f4ce4684ea4c,CLE,Cavaliers,117,583ecb8f-fb46-11e1-82cb-f4ce4684ea4c,ATL,Hawks,109,31,22,19,30,28,24,39,33,,,,,,,,
954e7815-c098-4a3b-8f72-76180f5aebbc,0022500149,2025-11-02T23:00:00+00:00,closed,2025,REG,583ec9d6-fb46-11e1-82cb-f4ce4684ea4c,BKN,Nets,105,583ec87d-fb46-11e1-82cb-f4ce4684ea4c,PHI,76ers,129,37,40,18,33,23,17,27,39,,,,,,,,
49593d78-c115-44db-b807-895cc9cc32f1,0022500153,2025-11-03T00:00:00+00:00,closed,2025,REG,583ec70e-fb46-11e1-82cb-f4ce4684ea4c,NYK,Knicks,128,583ec5fd-fb46-11e1-82cb-f4ce4684ea4c,CHI,Bulls,116,34,24,34,36,37,29,23,27,,,,,,,,
b7cac151-8506-4973-b07f-8f0deec63c0c,0022500154,2025-11-03T01:00:00+00:00,closed,2025,REG,583ecfa8-fb46-11e1-82cb-f4ce4684ea4c,PHX,Suns,130,583ecd4f-fb46-11e1-82cb-f4ce4684ea4c,SAS,Spurs,118,31,24,39,28,32,26,28,40,,,,,,,,
3f12d005-6564-4f95-be00-55b034892d14,0022500155,2025-11-03T02:30:00+00:00,closed,2025,REG,583ecae2-fb46-11e1-82cb-f4ce4684ea4c,LAL,Lakers,130,583ecea6-fb46-11e1-82cb-f4ce4684ea4c,MIA,Heat,120,43,36,34,27,25,35,28,22,,,,,,,,
00df5b99-0172-480e-b485-f846b1879a69,0022500156,2025-11-04T00:00:00+00:00,closed,2025,REG,583ec9d6-fb46-11e1-82cb-f4ce4684ea4c,BKN,Nets,109,583eca2f-fb46-11e1-82cb-f4ce4684ea4c,MIN,Timberwolves,125,28,28,31,35,29,28,21,34,,,,,,,,
4b887b94-bebf-4364-a66a-04a6ac6e1da8,0022500157,2025-11-04T00:00:00+00:00,closed,2025,REG,583ec7cd-fb46-11e1-82cb-f4ce4684ea4c,IND,Pacers,115,583ecefd-fb46-11e1-82cb-f4ce4684ea4c,MIL,Bucks,117,22,31,31,25,24,28,38,33,,,,,,,,
62e44bb5-7d11-43a7-84ba-0e2cb0c09933,0022500159,2025-11-04T00:30:00+00:00,closed,2025,REG,583ec70e-fb46-11e1-82cb-f4ce4684ea4c,NYK,Knicks,119,583ec8d4-fb46-11e1-82cb-f4ce4684ea4c,WAS,Wizards,102,22,30,35,24,41,24,21,24,,,,,,,,
d30eeeb6-3c4a-4b00-a4c7-8dfeb35b184f,0022500158,2025-11-04T00:30:00+00:00,closed,2025,REG,583eccfa-fb46-11e1-82cb-f4ce4684ea4c,BOS,Celtics,103,583ece50-fb46-11e1-82cb-f4ce4684ea4c,UTA,Jazz,105,25,21,21,15,26,38,31,31,,,,,,,,
72ab36a6-a345-465d-ac90-0664ef7b016c,0022500160,2025-11-04T01:00:00+00:00,closed,2025,REG,583ecb3a-fb46-11e1-82cb-f4ce4684ea4c,HOU,Rockets,110,583ecf50-fb46-11e1-82cb-f4ce4684ea4c,DAL,Mavericks,102,24,28,34,27,23,23,29,24,,,,,,,,
f269da86-d3fa-446e-a871-36a8854673f4,0022500161,2025-11-04T01:00:00+00:00,closed,2025,REG,583eca88-fb46-11e1-82cb-f4ce4684ea4c,MEM,Grizzlies,106,583ec928-fb46-11e1-82cb-f4ce4684ea4c,DET,Pistons,114,25,32,23,26,26,25,32,31,,,,,,,,
66d1ea9f-62e4-4cf9-9522-d5711421224c,0022500162,2025-11-04T02:00:00+00:00,closed,2025,REG,583ed102-fb46-11e1-82cb-f4ce4684ea4c,DEN,Nuggets,130,583ed0ac-fb46-11e1-82cb-f4ce4684ea4c,SAC,Kings,124,39,30,33,33,32,30,26,31,,,,,,,,
b7b96bde-fba0-4715-a436-d878ae1768c0,0022500163,2025-11-04T03:00:00+00:00,closed,2025,REG,583ed056-fb46-11e1-82cb-f4ce4684ea4c,POR,Trail Blazers,115,583ecae2-fb46-11e1-82cb-f4ce4684ea4c,LAL,Lakers,123,33,24,20,28,33,38,29,33,,,,,,,,
21ae576c-ec17-4516-aa7b-09f61343bc0b,0022500164,2025-11-04T03:30:00+00:00,closed,2025,REG,583ecdfb-fb46-11e1-82cb-f4ce4684ea4c,LAC,Clippers,119,583ecea6-fb46-11e1-82cb-f4ce4684ea4c,MIA,Heat,120,30,32,41,34,24,37,24,17,,,,,,,,
c6769868-7e39-48f2-ad80-a6d4debb9bcd,0022500165,2025-11-05T00:30:00+00:00,closed,2025,REG,583ecda6-fb46-11e1-82cb-f4ce4684ea4c,TOR,Raptors,128,583ecefd-fb46-11e1-82cb-f4ce4684ea4c,MIL,Bucks,100,39,29,34,25,32,26,23,20,,,,,,,,
49fa6e55-0799-4e9d-8cae-1bd052788a5b,0022500168,2025-11-05T01:00:00+00:00,closed,2025,REG,583ecc9a-fb46-11e1-82cb-f4ce4684ea4c,NOP,Pelicans,116,583ec97e-fb46-11e1-82cb-f4ce4684ea4c,CHA,Hornets,112,33,30,28,29,26,34,29,19,,,,,,,,
6050cc9b-faef-41e5-90dc-5db9e5f84364,0022500166,2025-11-05T01:00:00+00:00,closed,2025,REG,583ecb8f-fb46-11e1-82cb-f4ce4684ea4c,ATL,Hawks,127,583ed157-fb46-11e1-82cb-f4ce4684ea4c,ORL,Magic,112,32,23,32,24,34,30,29,35,,,,,,,,
f7a8af44-e32b-45dc-9c56-22d35dec9609,0022500167,2025-11-05T01:00:00+00:00,closed,2025,REG,583ec5fd-fb46-11e1-82cb-f4ce4684ea4c,CHI,Bulls,113,583ec87d-fb46-11e1-82cb-f4ce4684ea4c,PHI,76ers,111,27,45,29,30,28,20,29,16,,,,,,,,
a9926741-4a47-4e99-83c2-5ff1b7c67de2,0022500169,2025-11-05T03:00:00+00:00,closed,2025,REG,583ec825-fb46-11e1-82cb-f4ce4684ea4c,GSW,Warriors,118,583ecfa8-fb46-11e1-82cb-f4ce4684ea4c,PHX,Suns,107,33,19,35,30,24,34,26,24,,,,,,,,
46e19ba1-65ac-46cc-8af5-66012008d5e5,0022500170,2025-11-05T04:00:00+00:00,closed,2025,REG,583ecdfb-fb46-11e1-82cb-f4ce4684ea4c,LAC,Clippers,107,583ecfff-fb46-11e1-82cb-f4ce4684ea4c,OKC,Thunder,126,33,23,24,33,29,38,21,32,,,,,,,,
ab831e92-face-4ba3-ab5c-3e94e18fc4b4,0022500171,2025-11-06T00:00:00+00:00,closed,2025,REG,583ec773-fb46-11e1-82cb-f4ce4684ea4c,CLE,Cavaliers,132,583ec87d-fb46-11e1-82cb-f4ce4684ea4c,PHI,76ers,121,41,27,29,40,37,20,25,34,,,,,,,,
ba735f43-65bd-41f8-b919-6ee1983a09a2,0022500173,2025-11-06T00:00:00+00:00,closed,2025,REG,583ec7cd-fb46-11e1-82cb-f4ce4684ea4c,IND,Pacers,103,583ec9d6-fb46-11e1-82cb-f4ce4684ea4c,BKN,Nets,112,18,25,41,29,24,26,20,32,,,,,,,,
ebc9be5a-d2fd-4dac-b4d8-1d58e84e41cf,0022500172,2025-11-06T00:00:00+00:00,closed,2025,REG,583ec928-fb46-11e1-82cb-f4ce4684ea4c,DET,Pistons,114,583ece50-fb46-11e1-82cb-f4ce4684ea4c,UTA,Jazz,103,28,30,25,25,25,14,36,34,,,,,,,,
64192f0a-01e3-47cd-9d7d-0752de08f029,0022500174,2025-11-06T00:30:00+00:00,closed,2025,REG,583eccfa-fb46-11e1-82cb-f4ce4684ea4c,BOS,Celtics,136,583ec8d4-fb46-11e1-82cb-f4ce4684ea4c,WAS,Wizards,107,26,37,44,23,32,20,34,27,,,,,,,,
d8093e2f-bdb1-4671-bdc5-1f3c90c22311,0022500175,2025-11-06T00:30:00+00:00,closed,2025,REG,583ec70e-fb46-11e1-82cb-f4ce4684ea4c,NYK,Knicks,137,583eca2f-fb46-11e1-82cb-f4ce4684ea4c,MIN,Timberwolves,114,28,26,26,32,40,28,43,28,,,,,,,,
fb4d464d-ea7a-40fb-a5ca-4b4a7f043c29,0022500176,2025-11-06T01:00:00+00:00,closed,2025,REG,583eca88-fb46-11e1-82cb-f4ce4684ea4c,MEM,Grizzlies,109,583ecb3a-fb46-11e1-82cb-f4ce4684ea4c,HOU,Rockets,124,22,34,29,26,29,34,29,30,,,,,,,,
350b5f28-5791-456c-a142-cc23fe6ed336,0022500177,2025-11-06T01:30:00+00:00,closed,2025,REG,583ecf50-fb46-11e1-82cb-f4ce4684ea4c,DAL,Mavericks,99,583ecc9a-fb46-11e1-82cb-f4ce4684ea4c,NOP,Pelicans,101,19,29,30,23,28,26,22,23,,,,,,,,
6f14c1dd-1f8d-45ef-9a48-9f6b15ee5f84,0022500178,2025-11-06T02:00:00+00:00,closed,2025,REG,583ed102-fb46-11e1-82cb-f4ce4684ea4c,DEN,Nuggets,122,583ecea6-fb46-11e1-82cb-f4ce4684ea4c,MIA,Heat,112,36,33,32,27,33,26,21,26,,,,,,,,
044ab733-ddab-4c55-83ce-b8a614f093fe,0022500179,2025-11-06T03:00:00+00:00,closed,2025,REG,583ecae2-fb46-11e1-82cb-f4ce4684ea4c,LAL,Lakers,118,583ecd4f-fb46-11e1-82cb-f4ce4684ea4c,SAS,Spurs,116,26,29,34,30,28,37,30,20,,,,,,,,
a9eec993-1309-4068-951f-a783aea3c7e4,0022500180,2025-11-06T03:00:00+00:00,closed,2025,REG,583ed056-fb46-11e1-82cb-f4ce4684ea4c,POR,Trail Blazers,121,583ecfff-fb46-11e1-82cb-f4ce4684ea4c,OKC,Thunder,119,21,41,36,24,24,21,40,33,,,,,,,,
fe5c990b-e772-4dd1-abea-bd869cace55a,0022500181,2025-11-06T03:00:00+00:00,closed,2025,REG,583ed0ac-fb46-11e1-82cb-f4ce4684ea4c,SAC,Kings,121,583ec825-fb46-11e1-82cb-f4ce4684ea4c,GSW,Warriors,116,25,32,32,30,35,23,29,31,,,,,,,,
569e2995-8884-476d-a438-27588261cf62,0022500182,2025-11-07T02:00:00+00:00,closed,2025,REG,583ecfa8-fb46-11e1-82cb-f4ce4684ea4c,PHX,Suns,115,583ecdfb-fb46-11e1-82cb-f4ce4684ea4c,LAC,Clippers,102,31,27,17,24,40,23,27,28,,,,,,,,
33146c39-5886-4812-bbd2-6d7ab1f04648,0022500029,2025-11-08T00:00:00+00:00,closed,2025,REG,583ec8d4-fb46-11e1-82cb-f4ce4684ea4c,WAS,Wizards,115,583ec773-fb46-11e1-82cb-f4ce4684ea4c,CLE,Cavaliers,148,26,39,34,37,27,33,28,39,,,,,,,,
8cbc763a-ba77-44e3-9396-989b1c8378bf,0022500028,2025-11-08T00:00:00+00:00,closed,2025,REG,583ed157-fb46-11e1-82cb-f4ce4684ea4c,ORL,Magic,123,583eccfa-fb46-11e1-82cb-f4ce4684ea4c,BOS,Celtics,110,38,25,21,26,25,29,39,30,,,,,,,,
60bb7c59-6cb4-4100-88b6-bff408203281,0022500032,2025-11-08T00:30:00+00:00,closed,2025,REG,583ecd4f-fb46-11e1-82cb-f4ce4684ea4c,SAS,Spurs,121,583ecb3a-fb46-11e1-82cb-f4ce4684ea4c,HOU,Rockets,110,23,25,28,25,35,32,35,28,,,,,,,,
b527b4be-0ee3-498f-b84f-36249865e97c,0022500031,2025-11-08T00:30:00+00:00,closed,2025,REG,583ec9d6-fb46-11e1-82cb-f4ce4684ea4c,BKN,Nets,107,583ec928-fb46-11e1-82cb-f4ce4684ea4c,DET,Pistons,125,29,27,26,33,19,34,33,31,,,,,,,,
f0d6e12e-ebcd-4dbc-9982-3f94fe3461d6,0022500030,2025-11-08T00:30:00+00:00,closed,2025,REG,583ecb8f-fb46-11e1-82cb-f4ce4684ea4c,ATL,Hawks,97,583ecda6-fb46-11e1-82cb-f4ce4684ea4c,TOR,Raptors,109,26,26,27,18,24,29,20,36,,,,,,,,
49504337-c2ab-4d37-9ade-8b63d5912993,0022500036,2025-11-08T01:00:00+00:00,closed,2025,REG,583eca2f-fb46-11e1-82cb-f4ce4684ea4c,MIN,Timberwolves,137,583ece50-fb46-11e1-82cb-f4ce4684ea4c,UTA,Jazz,97,43,15,36,30,25,22,33,30,,,,,,,,
b83a510b-5cd9-469c-aa5a-320dc5b57287,0022500033,2025-11-08T01:00:00+00:00,closed,2025,REG,583ecea6-fb46-11e1-82cb-f4ce4684ea4c,MIA,Heat,126,583ec97e-fb46-11e1-82cb-f4ce4684ea4c,CHA,Hornets,108,53,33,19,36,22,19,32,20,,,,,,,,
d01f1ba5-1436-4160-9033-f97052d77df3,0022500035,2025-11-08T01:00:00+00:00,closed,2025,REG,583ecefd-fb46-11e1-82cb-f4ce4684ea4c,MIL,Bucks,126,583ec5fd-fb46-11e1-82cb-f4ce4684ea4c,CHI,Bulls,110,23,25,30,27,32,28,41,30,,,,,,,,
df75ac41-b9d9-4ed5-a5bd-2523b2a33333,0022500034,2025-11-08T01:00:00+00:00,closed,2025,REG,583eca88-fb46-11e1-82cb-f4ce4684ea4c,MEM,Grizzlies,118,583ecf50-fb46-11e1-82cb-f4ce4684ea4c,DAL,Mavericks,104,34,24,40,27,28,29,16,24,,,,,,,,
d36a339f-1e3a-4132-a259-ff94e1390034,0022500038,2025-11-08T03:00:00+00:00,closed,2025,REG,583ed0ac-fb46-11e1-82cb-f4ce4684ea4c,SAC,Kings,101,583ecfff-fb46-11e1-82cb-f4ce4684ea4c,OKC,Thunder,132,32,30,24,40,27,28,18,34,,,,,,,,
f90da74d-5ec2-4118-b661-61231a893993,0022500037,2025-11-08T03:00:00+00:00,closed,2025,REG,583ed102-fb46-11e1-82cb-f4ce4684ea4c,DEN,Nuggets,129,583ec825-fb46-11e1-82cb-f4ce4684ea4c,GSW,Warriors,104,32,21,34,28,33,28,30,27,,,,,,,,
4720728c-e429-4cbb-8c5f-ff7100db0d3a,0022500183,2025-11-09T00:00:00+00:00,closed,2025,REG,583ec8d4-fb46-11e1-82cb-f4ce4684ea4c,WAS,Wizards,105,583ecf50-fb46-11e1-82cb-f4ce4684ea4c,DAL,Mavericks,111,24,35,29,22,33,25,19,29,,,,,,,,
bc0ebcb4-8c28-4c44-99fd-5367b381473f,0022500184,2025-11-09T00:30:00+00:00,closed,2025,REG,583ec87d-fb46-11e1-82cb-f4ce4684ea4c,PHI,76ers,130,583ecda6-fb46-11e1-82cb-f4ce4684ea4c,TOR,Raptors,120,33,43,35,20,33,34,29,23,,,,,,,,
0b3f1e12-529a-4deb-8c02-f6842214f257,0022500186,2025-11-09T01:00:00+00:00,closed,2025,REG,583ec773-fb46-11e1-82cb-f4ce4684ea4c,CLE,Cavaliers,128,583ec5fd-fb46-11e1-82cb-f4ce4684ea4c,CHI,Bulls,122,32,29,24,43,40,26,32,24,,,,,,,,
3990550e-9d37-4ad1-90ce-a75b4d0ea5cb,0022500185,2025-11-09T01:00:00+00:00,closed,2025,REG,583ecb8f-fb46-11e1-82cb-f4ce4684ea4c,ATL,Hawks,122,583ecae2-fb46-11e1-82cb-f4ce4684ea4c,LAL,Lakers,102,37,29,31,25,30,18,24,30,,,,,,,,
762a9aee-6677-44fa-89e3-e577f6856cc7,0022500187,2025-11-09T01:00:00+00:00,closed,2025,REG,583ecea6-fb46-11e1-82cb-f4ce4684ea4c,MIA,Heat,136,583ed056-fb46-11e1-82cb-f4ce4684ea4c,POR,Trail Blazers,131,27,30,45,35,28,32,36,34,,,,,,,,
c7559ab4-4a14-43d8-8da0-07b3d9386bd3,0022500188,2025-11-09T01:00:00+00:00,closed,2025,REG,583ecd4f-fb46-11e1-82cb-f4ce4684ea4c,SAS,Spurs,126,583ecc9a-fb46-11e1-82cb-f4ce4684ea4c,NOP,Pelicans,119,28,22,38,36,26,27,34,34,,,,,,,,
a11ab002-80d4-497d-acf1-172d12b2c7d9,0022500189,2025-11-09T02:00:00+00:00,closed,2025,REG,583ed102-fb46-11e1-82cb-f4ce4684ea4c,DEN,Nuggets,117,583ec7cd-fb46-11e1-82cb-f4ce4684ea4c,IND,Pacers,100,31,18,25,29,39,35,22,18,,,,,,,,
3703beef-5ff5-4aba-ba82-1fa63e3369c7,0022500190,2025-11-09T03:30:00+00:00,closed,2025,REG,583ecdfb-fb46-11e1-82cb-f4ce4684ea4c,LAC,Clippers,103,583ecfa8-fb46-11e1-82cb-f4ce4684ea4c,PHX,Suns,114,29,35,17,25,34,25,23,29,,,,,,,,
ba2e1d52-3d66-4364-bbfc-93c4b7b0e2eb,0022500191,2025-11-09T20:30:00+00:00,closed,2025,REG,583ecefd-fb46-11e1-82cb-f4ce4684ea4c,MIL,Bucks,115,583ecb3a-fb46-11e1-82cb-f4ce4684ea4c,HOU,Rockets,122,30,28,31,22,24,32,30,40,,,,,,,,
1452e271-8db1-465d-a68d-de3147fb5b9d,0022500194,2025-11-09T23:00:00+00:00,closed,2025,REG,583eca88-fb46-11e1-82cb-f4ce4684ea4c,MEM,Grizzlies,100,583ecfff-fb46-11e1-82cb-f4ce4684ea4c,OKC,Thunder,114,33,25,29,26,18,34,20,29,,,,,,,,
a27ebc00-22a7-4419-be8a-608fa27ae389,0022500193,2025-11-09T23:00:00+00:00,closed,2025,REG,583ed157-fb46-11e1-82cb-f4ce4684ea4c,ORL,Magic,107,583eccfa-fb46-11e1-82cb-f4ce4684ea4c,BOS,Celtics,111,33,30,21,24,26,24,27,33,,,,,,,,
d2c8be36-17a2-42cd-88ef-69e16b4f3e05,0022500192,2025-11-09T23:00:00+00:00,closed,2025,REG,583ec70e-fb46-11e1-82cb-f4ce4684ea4c,NYK,Knicks,134,583ec9d6-fb46-11e1-82cb-f4ce4684ea4c,BKN,Nets,98,40,22,37,40,35,17,22,19,,,,,,,,
6060c96e-9d2a-4fea-8507-3eb5d1b6157b,0022500195,2025-11-10T00:30:00+00:00,closed,2025,REG,583ec87d-fb46-11e1-82cb-f4ce4684ea4c,PHI,76ers,108,583ec928-fb46-11e1-82cb-f4ce4684ea4c,DET,Pistons,111,32,37,32,17,21,34,23,23,,,,,,,,
9e84e7b6-58eb-4b18-94b1-2ab43bcb0859,0022500196,2025-11-10T01:30:00+00:00,closed,2025,REG,583ec825-fb46-11e1-82cb-f4ce4684ea4c,GSW,Warriors,114,583ec7cd-fb46-11e1-82cb-f4ce4684ea4c,IND,Pacers,83,23,21,25,20,27,24,39,18,,,,,,,,
b75b5f0f-aacc-49fa-8e4b-c0fc74d27220,0022500197,2025-11-10T02:00:00+00:00,closed,2025,REG,583ed0ac-fb46-11e1-82cb-f4ce4684ea4c,SAC,Kings,117,583eca2f-fb46-11e1-82cb-f4ce4684ea4c,MIN,Timberwolves,144,25,31,29,40,30,40,33,33,,,,,,,,
57ba4f0d-7712-4176-8821-632a2b179e3b,0022500200,2025-11-11T00:00:00+00:00,closed,2025,REG,583ed157-fb46-11e1-82cb-f4ce4684ea4c,ORL,Magic,115,583ed056-fb46-11e1-82cb-f4ce4684ea4c,POR,Trail Blazers,112,26,24,33,32,28,20,28,36,,,,,,,,
67482d8f-6250-46fc-943e-6ac86015552f,0022500198,2025-11-11T00:00:00+00:00,closed,2025,REG,583ec97e-fb46-11e1-82cb-f4ce4684ea4c,CHA,Hornets,111,583ecae2-fb46-11e1-82cb-f4ce4684ea4c,LAL,Lakers,121,40,36,23,29,15,31,33,25,,,,,,,,
b85f3112-b800-453e-8dfa-7a3d1468c5fa,0022500199,2025-11-11T00:00:00+00:00,closed,2025,REG,583ec928-fb46-11e1-82cb-f4ce4684ea4c,DET,Pistons,137,583ec8d4-fb46-11e1-82cb-f4ce4684ea4c,WAS,Wizards,135,36,37,31,24,20,35,40,31,10,8,,,,,,
c27c7b5d-fa7a-426f-b1ae-d69320455c3c,0022500201,2025-11-11T00:30:00+00:00,closed,2025,REG,583ecea6-fb46-11e1-82cb-f4ce4684ea4c,MIA,Heat,140,583ec773-fb46-11e1-82cb-f4ce4684ea4c,CLE,Cavaliers,138,25,30,37,23,39,39,27,36,12,10,,,,,,
cf797322-6e51-4341-bebf-acb49667aefb,0022500202,2025-11-11T01:00:00+00:00,closed,2025,REG,583ec5fd-fb46-11e1-82cb-f4ce4684ea4c,CHI,Bulls,117,583ecd4f-fb46-11e1-82cb-f4ce4684ea4c,SAS,Spurs,121,26,34,38,29,34,26,19,32,,,,,,,,
7e55ce5b-f6c4-4538-b95d-30d81a327cc0,0022500203,2025-11-11T01:30:00+00:00,closed,2025,REG,583ecf50-fb46-11e1-82cb-f4ce4684ea4c,DAL,Mavericks,114,583ecefd-fb46-11e1-82cb-f4ce4684ea4c,MIL,Bucks,116,31,27,26,26,31,26,26,37,,,,,,,,
3916236a-a29b-4bfc-b469-9dc949194f70,0022500204,2025-11-11T02:00:00+00:00,closed,2025,REG,583ecfa8-fb46-11e1-82cb-f4ce4684ea4c,PHX,Suns,121,583ecc9a-fb46-11e1-82cb-f4ce4684ea4c,NOP,Pelicans,98,29,22,35,19,32,31,25,26,,,,,,,,
aa99b4c5-eaf8-49a5-aae3-4e74d13b7262,0022500205,2025-11-11T02:00:00+00:00,closed,2025,REG,583ece50-fb46-11e1-82cb-f4ce4684ea4c,UTA,Jazz,113,583eca2f-fb46-11e1-82cb-f4ce4684ea4c,MIN,Timberwolves,120,30,26,25,27,25,40,33,27,,,,,,,,
a9737643-d476-4b23-bc99-c21866794823,0022500206,2025-11-11T03:30:00+00:00,closed,2025,REG,583ecdfb-fb46-11e1-82cb-f4ce4684ea4c,LAC,Clippers,102,583ecb8f-fb46-11e1-82cb-f4ce4684ea4c,ATL,Hawks,105,29,19,23,33,24,27,26,26,,,,,,,,
64340814-d195-470c-9556-352f74b10ca6,0022500207,2025-11-12T00:30:00+00:00,closed,2025,REG,583ec9d6-fb46-11e1-82cb-f4ce4684ea4c,BKN,Nets,109,583ecda6-fb46-11e1-82cb-f4ce4684ea4c,TOR,Raptors,119,30,28,22,32,29,29,28,30,,,,,,,,
f59edb2c-6257-4a58-8808-fd2db86b49ed,0022500208,2025-11-12T00:30:00+00:00,closed,2025,REG,583ec70e-fb46-11e1-82cb-f4ce4684ea4c,NYK,Knicks,133,583eca88-fb46-11e1-82cb-f4ce4684ea4c,MEM,Grizzlies,120,42,30,35,24,37,39,19,27,,,,,,,,
810bf033-27fc-4a97-8b87-4c7e8d24786a,0022500210,2025-11-12T01:00:00+00:00,closed,2025,REG,583ecfff-fb46-11e1-82cb-f4ce4684ea4c,OKC,Thunder,126,583ec825-fb46-11e1-82cb-f4ce4684ea4c,GSW,Warriors,102,34,25,29,19,44,28,19,30,,,,,,,,
e2a36894-78e0-46c7-b206-a5ede9a3d80f,0022500209,2025-11-12T01:00:00+00:00,closed,2025,REG,583ec87d-fb46-11e1-82cb-f4ce4684ea4c,PHI,76ers,102,583eccfa-fb46-11e1-82cb-f4ce4684ea4c,BOS,Celtics,100,23,22,28,19,20,36,31,23,,,,,,,,
96eb70e4-4f41-4336-9b4c-11a0e7f04160,0022500211,2025-11-12T02:00:00+00:00,closed,2025,REG,583ece50-fb46-11e1-82cb-f4ce4684ea4c,UTA,Jazz,152,583ec7cd-fb46-11e1-82cb-f4ce4684ea4c,IND,Pacers,128,38,34,32,23,44,34,38,37,,,,,,,,
275c053a-4b6e-4f64-8e2b-ddf010b72f2a,0022500212,2025-11-12T04:00:00+00:00,closed,2025,REG,583ed0ac-fb46-11e1-82cb-f4ce4684ea4c,SAC,Kings,108,583ed102-fb46-11e1-82cb-f4ce4684ea4c,DEN,Nuggets,122,34,33,22,27,26,25,26,37,,,,,,,,
2a5bd8ed-5cf3-421b-b075-bb3ca885a7c0,0022500215,2025-11-13T00:00:00+00:00,closed,2025,REG,583ec70e-fb46-11e1-82cb-f4ce4684ea4c,NYK,Knicks,107,583ed157-fb46-11e1-82cb-f4ce4684ea4c,ORL,Magic,124,23,30,19,32,31,29,34,33,,,,,,,,
6ffc8cfe-3366-4b9a-854f-4b4edc79c8e3,0022500214,2025-11-13T00:00:00+00:00,closed,2025,REG,583ec928-fb46-11e1-82cb-f4ce4684ea4c,DET,Pistons,124,583ec5fd-fb46-11e1-82cb-f4ce4684ea4c,CHI,Bulls,113,35,23,33,29,27,27,29,34,,,,,,,,
d604dadd-a3ab-4bc8-8bfa-f12778086adc,0022500213,2025-11-13T00:00:00+00:00,closed,2025,REG,583ec97e-fb46-11e1-82cb-f4ce4684ea4c,CHA,Hornets,111,583ecefd-fb46-11e1-82cb-f4ce4684ea4c,MIL,Bucks,100,35,27,24,23,24,22,28,28,,,,,,,,
79e9144a-d004-4250-ad24-b2cf2c3607af,0022500216,2025-11-13T00:30:00+00:00,closed,2025,REG,583eccfa-fb46-11e1-82cb-f4ce4684ea4c,BOS,Celtics,131,583eca88-fb46-11e1-82cb-f4ce4684ea4c,MEM,Grizzlies,95,34,26,33,20,33,28,31,21,,,,,,,,
e534be20-27dc-495e-bdb3-adc6d936ab0c,0022500217,2025-11-13T00:30:00+00:00,closed,2025,REG,583ecea6-fb46-11e1-82cb-f4ce4684ea4c,MIA,Heat,116,583ec773-fb46-11e1-82cb-f4ce4684ea4c,CLE,Cavaliers,130,38,29,31,37,28,27,19,37,,,,,,,,
4f4576aa-922a-4d28-b9b1-bcba55718ce8,0022500219,2025-11-13T01:00:00+00:00,closed,2025,REG,583ecc9a-fb46-11e1-82cb-f4ce4684ea4c,NOP,Pelicans,117,583ed056-fb46-11e1-82cb-f4ce4684ea4c,POR,Trail Blazers,125,25,30,34,27,26,38,32,30,,,,,,,,
92b7341f-773f-414f-856f-f77553612ec0,0022500218,2025-11-13T01:00:00+00:00,closed,2025,REG,583ecb3a-fb46-11e1-82cb-f4ce4684ea4c,HOU,Rockets,135,583ec8d4-fb46-11e1-82cb-f4ce4684ea4c,WAS,Wizards,112,40,29,41,25,22,33,32,25,,,,,,,,
c085479c-97c9-44c6-a991-e18b3f95a030,0022500220,2025-11-13T01:00:00+00:00,closed,2025,REG,583ecd4f-fb46-11e1-82cb-f4ce4684ea4c,SAS,Spurs,120,583ec825-fb46-11e1-82cb-f4ce4684ea4c,GSW,Warriors,125,28,14,28,35,28,43,36,33,,,,,,,,
08668440-6825-442a-a5fb-489d76c1e38b,0022500221,2025-11-13T01:30:00+00:00,closed,2025,REG,583ecf50-fb46-11e1-82cb-f4ce4684ea4c,DAL,Mavericks,114,583ecfa8-fb46-11e1-82cb-f4ce4684ea4c,PHX,Suns,123,28,30,25,33,28,32,33,28,,,,,,,,
ec798269-6627-4c8c-b188-6c35c57427ed,0022500222,2025-11-13T02:30:00+00:00,closed,2025,REG,583ecfff-fb46-11e1-82cb-f4ce4684ea4c,OKC,Thunder,121,583ecae2-fb46-11e1-82cb-f4ce4684ea4c,LAL,Lakers,92,30,18,40,20,30,26,21,28,,,,,,,,
7c54b123-467f-44a2-a0e7-26c10829297b,0022500223,2025-11-13T03:00:00+00:00,closed,2025,REG,583ed0ac-fb46-11e1-82cb-f4ce4684ea4c,SAC,Kings,100,583ecb8f-fb46-11e1-82cb-f4ce4684ea4c,ATL,Hawks,133,34,37,12,29,22,39,32,28,,,,,,,,
2af259cf-ca94-4708-bb5c-061d13aaef52,0022500224,2025-11-13T03:30:00+00:00,closed,2025,REG,583ecdfb-fb46-11e1-82cb-f4ce4684ea4c,LAC,Clippers,116,583ed102-fb46-11e1-82cb-f4ce4684ea4c,DEN,Nuggets,130,35,39,33,24,22,43,26,24,,,,,,,,
b20edf64-9fa4-4392-b294-dd9073283945,0022500225,2025-11-14T00:00:00+00:00,closed,2025,REG,583ec773-fb46-11e1-82cb-f4ce4684ea4c,CLE,Cavaliers,113,583ecda6-fb46-11e1-82cb-f4ce4684ea4c,TOR,Raptors,126,30,29,24,38,31,23,28,36,,,,,,,,
98491bb9-27e4-4954-8ee0-00759e088f18,0022500226,2025-11-14T02:00:00+00:00,closed,2025,REG,583ecfa8-fb46-11e1-82cb-f4ce4684ea4c,PHX,Suns,133,583ec7cd-fb46-11e1-82cb-f4ce4684ea4c,IND,Pacers,98,31,23,39,29,36,32,27,14,,,,,,,,
992420c6-95f7-4a84-bd9e-2b8b8f210ea4,0022500227,2025-11-14T02:00:00+00:00,closed,2025,REG,583ece50-fb46-11e1-82cb-f4ce4684ea4c,UTA,Jazz,122,583ecb8f-fb46-11e1-82cb-f4ce4684ea4c,ATL,Hawks,132,33,42,34,38,36,23,19,29,,,,,,,,
8587b34d-80d4-4d5f-b4b3-03972868906d,0022500039,2025-11-15T00:00:00+00:00,closed,2025,REG,583ec70e-fb46-11e1-82cb-f4ce4684ea4c,NYK,Knicks,140,583ecea6-fb46-11e1-82cb-f4ce4684ea4c,MIA,Heat,132,32,35,46,33,32,36,30,28,,,,,,,,
b4835318-480f-4a12-bf31-d993164dfd16,0022500040,2025-11-15T00:00:00+00:00,closed,2025,REG,583ed157-fb46-11e1-82cb-f4ce4684ea4c,ORL,Magic,105,583ec9d6-fb46-11e1-82cb-f4ce4684ea4c,BKN,Nets,98,27,36,27,22,25,24,26,16,,,,,,,,
804d9bbd-4dee-4f6d-b0a1-03ef494e08aa,0022500041,2025-11-15T00:30:00+00:00,closed,2025,REG,583ec928-fb46-11e1-82cb-f4ce4684ea4c,DET,Pistons,114,583ec87d-fb46-11e1-82cb-f4ce4684ea4c,PHI,76ers,105,28,27,35,27,25,36,26,15,,,,,,,,
403b695c-280e-432a-925a-b0aa72704e70,0022500045,2025-11-15T01:00:00+00:00,closed,2025,REG,583ecc9a-fb46-11e1-82cb-f4ce4684ea4c,NOP,Pelicans,104,583ecae2-fb46-11e1-82cb-f4ce4684ea4c,LAL,Lakers,118,25,35,27,30,25,30,27,23,,,,,,,,
6775fa71-b33f-46d3-9c82-af2e57bc588c,0022500042,2025-11-15T01:00:00+00:00,closed,2025,REG,583ecb3a-fb46-11e1-82cb-f4ce4684ea4c,HOU,Rockets,140,583ed056-fb46-11e1-82cb-f4ce4684ea4c,POR,Trail Blazers,116,41,32,28,28,36,31,35,25,,,,,,,,
efb5ee36-89b0-422c-a307-7ce0be161b14,0022500044,2025-11-15T01:00:00+00:00,closed,2025,REG,583eca2f-fb46-11e1-82cb-f4ce4684ea4c,MIN,Timberwolves,124,583ed0ac-fb46-11e1-82cb-f4ce4684ea4c,SAC,Kings,110,35,30,26,31,31,30,32,19,,,,,,,,
ff4b997b-2db1-4c67-ba99-b8e585a153d2,0022500043,2025-11-15T01:00:00+00:00,closed,2025,REG,583ecefd-fb46-11e1-82cb-f4ce4684ea4c,MIL,Bucks,147,583ec97e-fb46-11e1-82cb-f4ce4684ea4c,CHA,Hornets,134,34,33,27,36,42,29,26,31,18,5,,,,,,
c0def249-1e77-4ccb-9b5f-4869a28ff01e,0022500046,2025-11-15T01:30:00+00:00,closed,2025,REG,583ecf50-fb46-11e1-82cb-f4ce4684ea4c,DAL,Mavericks,127,583ecdfb-fb46-11e1-82cb-f4ce4684ea4c,LAC,Clippers,133,31,34,24,28,31,31,28,21,9,9,4,10,,,,
8d5bd846-3051-457c-8446-cc6d932bb564,0022500047,2025-11-15T02:30:00+00:00,closed,2025,REG,583ecd4f-fb46-11e1-82cb-f4ce4684ea4c,SAS,Spurs,108,583ec825-fb46-11e1-82cb-f4ce4684ea4c,GSW,Warriors,109,20,18,25,29,34,30,29,32,,,,,,,,
ce415d68-bee6-42c4-b77a-5eb5d1db4945,0022500228,2025-11-15T22:00:00+00:00,closed,2025,REG,583ec773-fb46-11e1-82cb-f4ce4684ea4c,CLE,Cavaliers,108,583eca88-fb46-11e1-82cb-f4ce4684ea4c,MEM,Grizzlies,100,28,32,26,29,22,23,32,16,,,,,,,,
a569d717-7a19-4e2f-9229-e710ca7f5721,0022500230,2025-11-16T00:00:00+00:00,closed,2025,REG,583ec7cd-fb46-11e1-82cb-f4ce4684ea4c,IND,Pacers,111,583ecda6-fb46-11e1-82cb-f4ce4684ea4c,TOR,Raptors,129,29,32,24,30,32,39,26,28,,,,,,,,
cad749f4-33e9-4f73-917c-6c92be3e9bbe,0022500229,2025-11-16T00:00:00+00:00,closed,2025,REG,583ec97e-fb46-11e1-82cb-f4ce4684ea4c,CHA,Hornets,96,583ecfff-fb46-11e1-82cb-f4ce4684ea4c,OKC,Thunder,109,30,30,22,25,18,32,26,22,,,,,,,,
d1d7db8c-8307-4404-99ed-8cfcbcb5ab12,0022500232,2025-11-16T01:00:00+00:00,closed,2025,REG,583eca2f-fb46-11e1-82cb-f4ce4684ea4c,MIN,Timberwolves,112,583ed102-fb46-11e1-82cb-f4ce4684ea4c,DEN,Nuggets,123,31,29,29,26,26,32,26,36,,,,,,,,
dbf6d3c9-0ca4-491d-a22e-4be6bfb23f59,0022500231,2025-11-16T01:00:00+00:00,closed,2025,REG,583ecefd-fb46-11e1-82cb-f4ce4684ea4c,MIL,Bucks,95,583ecae2-fb46-11e1-82cb-f4ce4684ea4c,LAL,Lakers,119,18,30,16,35,38,27,23,27,,,,,,,,
46442731-9de8-4505-bef3-c2658f490221,0022500233,2025-11-16T20:30:00+00:00,closed,2025,REG,583eccfa-fb46-11e1-82cb-f4ce4684ea4c,BOS,Celtics,121,583ecdfb-fb46-11e1-82cb-f4ce4684ea4c,LAC,Clippers,118,37,30,26,19,27,36,31,33,,,,,,,,
f2345690-2e6f-4a27-bbb2-eedc4e60e0a9,0022500234,2025-11-16T21:00:00+00:00,closed,2025,REG,583ecd4f-fb46-11e1-82cb-f4ce4684ea4c,SAS,Spurs,123,583ed0ac-fb46-11e1-82cb-f4ce4684ea4c,SAC,Kings,110,36,24,31,35,28,26,28,25,,,,,,,,
18d9827a-92b4-4483-a610-12bb3506d2cb,0022500235,2025-11-16T23:00:00+00:00,closed,2025,REG,583ec8d4-fb46-11e1-82cb-f4ce4684ea4c,WAS,Wizards,106,583ec9d6-fb46-11e1-82cb-f4ce4684ea4c,BKN,Nets,129,28,28,25,35,31,31,22,35,,,,,,,,
1c7e7d92-38e7-401a-8dc7-92ff4410b2ac,0022500237,2025-11-17T00:00:00+00:00,closed,2025,REG,583ecc9a-fb46-11e1-82cb-f4ce4684ea4c,NOP,Pelicans,106,583ec825-fb46-11e1-82cb-f4ce4684ea4c,GSW,Warriors,124,28,44,21,17,22,24,35,39,,,,,,,,
beed512a-7f0c-4fb6-b011-e81644d6089f,0022500236,2025-11-17T00:00:00+00:00,closed,2025,REG,583ecb3a-fb46-11e1-82cb-f4ce4684ea4c,HOU,Rockets,117,583ed157-fb46-11e1-82cb-f4ce4684ea4c,ORL,Magic,113,23,30,23,25,31,25,25,22,15,11,,,,,,
f05523b5-9fae-4117-bb7e-765fa47fcea2,0022500238,2025-11-17T00:30:00+00:00,closed,2025,REG,583ecf50-fb46-11e1-82cb-f4ce4684ea4c,DAL,Mavericks,138,583ed056-fb46-11e1-82cb-f4ce4684ea4c,POR,Trail Blazers,133,29,37,28,24,28,30,33,27,20,15,,,,,,
238acdc2-72fa-4a49-a1df-5deff4626519,0022500239,2025-11-17T01:00:00+00:00,closed,2025,REG,583ecfa8-fb46-11e1-82cb-f4ce4684ea4c,PHX,Suns,122,583ecb8f-fb46-11e1-82cb-f4ce4684ea4c,ATL,Hawks,124,21,25,37,32,37,20,27,47,,,,,,,,
3bca533d-e731-4ee1-9637-4389fa90e683,0022500240,2025-11-17T01:00:00+00:00,closed,2025,REG,583ece50-fb46-11e1-82cb-f4ce4684ea4c,UTA,Jazz,150,583ec5fd-fb46-11e1-82cb-f4ce4684ea4c,CHI,Bulls,147,33,33,28,37,33,28,33,29,9,9,14,11,,,,
1cbec5a2-480e-443d-94d5-1d5e46d5d0de,0022500242,2025-11-18T00:00:00+00:00,closed,2025,REG,583ec928-fb46-11e1-82cb-f4ce4684ea4c,DET,Pistons,127,583ec7cd-fb46-11e1-82cb-f4ce4684ea4c,IND,Pacers,112,26,21,36,25,31,29,34,37,,,,,,,,
2a8fbadd-e220-46a1-8f0e-af601c38032b,0022500243,2025-11-18T00:00:00+00:00,closed,2025,REG,583ec87d-fb46-11e1-82cb-f4ce4684ea4c,PHI,76ers,110,583ecdfb-fb46-11e1-82cb-f4ce4684ea4c,LAC,Clippers,108,25,33,21,23,27,27,37,25,,,,,,,,
b0efeb7a-fe45-43c6-9f56-32c3b7f04c13,0022500241,2025-11-18T00:00:00+00:00,closed,2025,REG,583ec773-fb46-11e1-82cb-f4ce4684ea4c,CLE,Cavaliers,118,583ecefd-fb46-11e1-82cb-f4ce4684ea4c,MIL,Bucks,106,26,33,33,24,33,31,26,18,,,,,,,,
132e1389-613d-4ee9-bbb7-63bc8c55fa10,0022500244,2025-11-18T00:30:00+00:00,closed,2025,REG,583ecea6-fb46-11e1-82cb-f4ce4684ea4c,MIA,Heat,115,583ec70e-fb46-11e1-82cb-f4ce4684ea4c,NYK,Knicks,113,25,20,30,31,28,31,32,31,,,,,,,,
a9f83f54-d736-4940-9477-a16fa56da4d6,0022500245,2025-11-18T00:30:00+00:00,closed,2025,REG,583ecda6-fb46-11e1-82cb-f4ce4684ea4c,TOR,Raptors,110,583ec97e-fb46-11e1-82cb-f4ce4684ea4c,CHA,Hornets,108,28,24,29,28,28,31,25,25,,,,,,,,
101a9b26-1a67-43e0-bd55-d0c0896e483a,0022500246,2025-11-18T01:00:00+00:00,closed,2025,REG,583eca2f-fb46-11e1-82cb-f4ce4684ea4c,MIN,Timberwolves,120,583ecf50-fb46-11e1-82cb-f4ce4684ea4c,DAL,Mavericks,96,34,21,27,23,37,22,22,30,,,,,,,,
2b5de4f3-d11e-4fe5-bc23-780dbfdbd2e2,0022500247,2025-11-18T01:00:00+00:00,closed,2025,REG,583ecc9a-fb46-11e1-82cb-f4ce4684ea4c,NOP,Pelicans,109,583ecfff-fb46-11e1-82cb-f4ce4684ea4c,OKC,Thunder,126,24,49,32,20,24,36,29,21,,,,,,,,
a910808c-24f9-498b-9872-1e541216d722,0022500248,2025-11-18T02:00:00+00:00,closed,2025,REG,583ed102-fb46-11e1-82cb-f4ce4684ea4c,DEN,Nuggets,127,583ec5fd-fb46-11e1-82cb-f4ce4684ea4c,CHI,Bulls,130,28,30,36,33,29,40,34,27,,,,,,,,
afe7437c-b2c8-4475-be77-220803e8cf5e,0022500249,2025-11-19T00:00:00+00:00,closed,2025,REG,583ed157-fb46-11e1-82cb-f4ce4684ea4c,ORL,Magic,121,583ec825-fb46-11e1-82cb-f4ce4684ea4c,GSW,Warriors,113,36,32,31,28,26,25,28,28,,,,,,,,
534867d1-8ef1-4929-b32c-4f766f159017,0022500250,2025-11-19T00:30:00+00:00,closed,2025,REG,583ec9d6-fb46-11e1-82cb-f4ce4684ea4c,BKN,Nets,99,583eccfa-fb46-11e1-82cb-f4ce4684ea4c,BOS,Celtics,113,29,29,32,33,24,27,14,24,,,,,,,,
857e052d-78ef-4c20-9f8a-5ebf7e914824,0022500251,2025-11-19T00:30:00+00:00,closed,2025,REG,583ecb8f-fb46-11e1-82cb-f4ce4684ea4c,ATL,Hawks,112,583ec928-fb46-11e1-82cb-f4ce4684ea4c,DET,Pistons,120,30,35,24,32,28,27,30,26,,,,,,,,
1ff31ac8-bd32-493f-b1db-a37cfe6a9caa,0022500252,2025-11-19T01:00:00+00:00,closed,2025,REG,583ecd4f-fb46-11e1-82cb-f4ce4684ea4c,SAS,Spurs,111,583eca88-fb46-11e1-82cb-f4ce4684ea4c,MEM,Grizzlies,101,23,24,26,23,37,40,25,14,,,,,,,,
25ca6e7e-e9e4-45cb-b923-679f1ae28213,0022500253,2025-11-19T03:30:00+00:00,closed,2025,REG,583ecae2-fb46-11e1-82cb-f4ce4684ea4c,LAL,Lakers,140,583ece50-fb46-11e1-82cb-f4ce4684ea4c,UTA,Jazz,126,27,36,40,35,37,22,36,33,,,,,,,,
b7a539a0-ec91-406d-b70d-0325557e1f7b,0022500254,2025-11-19T04:00:00+00:00,closed,2025,REG,583ed056-fb46-11e1-82cb-f4ce4684ea4c,POR,Trail Blazers,110,583ecfa8-fb46-11e1-82cb-f4ce4684ea4c,PHX,Suns,127,32,35,29,29,21,36,28,27,,,,,,,,
0e9b5062-68de-4fb3-b7b6-8c9210b1f9a0,0022500256,2025-11-20T00:00:00+00:00,closed,2025,REG,583ec7cd-fb46-11e1-82cb-f4ce4684ea4c,IND,Pacers,127,583ec97e-fb46-11e1-82cb-f4ce4684ea4c,CHA,Hornets,118,38,33,32,21,34,30,23,34,,,,,,,,
3237fa6c-b426-4fe8-a61c-f6eb6d3796fe,0022500258,2025-11-20T00:00:00+00:00,closed,2025,REG,583ec87d-fb46-11e1-82cb-f4ce4684ea4c,PHI,76ers,112,583ecda6-fb46-11e1-82cb-f4ce4684ea4c,TOR,Raptors,121,28,33,28,20,26,44,30,24,,,,,,,,
fef38115-f905-4734-96f3-3c66e6a61ac3,0022500255,2025-11-20T00:00:00+00:00,closed,2025,REG,583ec773-fb46-11e1-82cb-f4ce4684ea4c,CLE,Cavaliers,104,583ecb3a-fb46-11e1-82cb-f4ce4684ea4c,HOU,Rockets,114,19,33,21,24,30,17,34,40,,,,,,,,
cb81af59-ae59-4fc8-8ee5-2d1565d3631c,0022500257,2025-11-20T00:30:00+00:00,closed,2025,REG,583ecea6-fb46-11e1-82cb-f4ce4684ea4c,MIA,Heat,110,583ec825-fb46-11e1-82cb-f4ce4684ea4c,GSW,Warriors,96,29,20,20,25,23,29,38,22,,,,,,,,
44d88cd9-bd14-4e8e-a2ee-f3bcfe2db183,0022500260,2025-11-20T01:00:00+00:00,closed,2025,REG,583ecc9a-fb46-11e1-82cb-f4ce4684ea4c,NOP,Pelicans,118,583ed102-fb46-11e1-82cb-f4ce4684ea4c,DEN,Nuggets,125,30,26,28,36,25,35,35,28,,,,,,,,
b979d4f9-eb0b-48fa-9ea2-827ccf35b3d4,0022500261,2025-11-20T01:00:00+00:00,closed,2025,REG,583ecfff-fb46-11e1-82cb-f4ce4684ea4c,OKC,Thunder,113,583ed0ac-fb46-11e1-82cb-f4ce4684ea4c,SAC,Kings,99,27,25,31,25,25,19,30,30,,,,,,,,
c54c7fec-6b25-40fc-884c-49d7174dbb02,0022500259,2025-11-20T01:00:00+00:00,closed,2025,REG,583eca2f-fb46-11e1-82cb-f4ce4684ea4c,MIN,Timberwolves,120,583ec8d4-fb46-11e1-82cb-f4ce4684ea4c,WAS,Wizards,109,34,29,37,17,23,36,26,27,,,,,,,,
bfd5b4ad-2c73-43e2-b63b-ad79d291aa93,0022500262,2025-11-20T02:30:00+00:00,closed,2025,REG,583ecf50-fb46-11e1-82cb-f4ce4684ea4c,DAL,Mavericks,111,583ec70e-fb46-11e1-82cb-f4ce4684ea4c,NYK,Knicks,113,25,24,25,28,35,35,26,26,,,,,,,,
8c854d1d-5767-4050-8f0c-5535974226f9,0022500263,2025-11-20T03:00:00+00:00,closed,2025,REG,583ed056-fb46-11e1-82cb-f4ce4684ea4c,POR,Trail Blazers,121,583ec5fd-fb46-11e1-82cb-f4ce4684ea4c,CHI,Bulls,122,29,28,29,34,24,36,39,24,,,,,,,,
0f4e0806-28ed-40e9-97d1-f12c9b48bf92,0022500264,2025-11-21T00:00:00+00:00,closed,2025,REG,583ed157-fb46-11e1-82cb-f4ce4684ea4c,ORL,Magic,129,583ecdfb-fb46-11e1-82cb-f4ce4684ea4c,LAC,Clippers,101,30,24,31,25,32,27,36,25,,,,,,,,
324d72a6-c0d0-4270-b547-6df98705cf1e,0022500267,2025-11-21T01:00:00+00:00,closed,2025,REG,583ecd4f-fb46-11e1-82cb-f4ce4684ea4c,SAS,Spurs,135,583ecb8f-fb46-11e1-82cb-f4ce4684ea4c,ATL,Hawks,126,28,34,46,26,21,32,40,34,,,,,,,,
672a559c-0372-4636-a6a8-c16a07f7c3bb,0022500266,2025-11-21T01:00:00+00:00,closed,2025,REG,583ecefd-fb46-11e1-82cb-f4ce4684ea4c,MIL,Bucks,114,583ec87d-fb46-11e1-82cb-f4ce4684ea4c,PHI,76ers,123,20,33,37,22,24,22,25,29,8,17,,,,,,
f4d74c36-d70d-4c45-868c-0d15968e039d,0022500265,2025-11-21T01:00:00+00:00,closed,2025,REG,583eca88-fb46-11e1-82cb-f4ce4684ea4c,MEM,Grizzlies,137,583ed0ac-fb46-11e1-82cb-f4ce4684ea4c,SAC,Kings,96,35,22,40,25,38,29,24,20,,,,,,,,
d25d1265-0b92-44cc-876e-e89af9a23351,0022500048,2025-11-22T00:00:00+00:00,closed,2025,REG,583ec773-fb46-11e1-82cb-f4ce4684ea4c,CLE,Cavaliers,120,583ec7cd-fb46-11e1-82cb-f4ce4684ea4c,IND,Pacers,109,33,31,29,24,38,26,20,28,,,,,,,,
60287739-118f-44c2-a7bc-128b34e8c0de,0022500050,2025-11-22T00:30:00+00:00,closed,2025,REG,583ecda6-fb46-11e1-82cb-f4ce4684ea4c,TOR,Raptors,140,583ec8d4-fb46-11e1-82cb-f4ce4684ea4c,WAS,Wizards,110,31,20,26,27,48,30,35,33,,,,,,,,
db14cb2b-9a44-437c-a1b3-fb4ac64adb2e,0022500049,2025-11-22T00:30:00+00:00,closed,2025,REG,583eccfa-fb46-11e1-82cb-f4ce4684ea4c,BOS,Celtics,105,583ec9d6-fb46-11e1-82cb-f4ce4684ea4c,BKN,Nets,113,28,22,25,40,24,30,28,21,,,,,,,,
ed1fa5f4-4d07-4d45-812a-4d92972022e8,0022500051,2025-11-22T01:00:00+00:00,closed,2025,REG,583ec5fd-fb46-11e1-82cb-f4ce4684ea4c,CHI,Bulls,107,583ecea6-fb46-11e1-82cb-f4ce4684ea4c,MIA,Heat,143,32,36,20,34,23,32,32,41,,,,,,,,
03932e6d-d7f1-4832-bb7d-a53baa330ff4,0022500052,2025-11-22T01:30:00+00:00,closed,2025,REG,583ecf50-fb46-11e1-82cb-f4ce4684ea4c,DAL,Mavericks,118,583ecc9a-fb46-11e1-82cb-f4ce4684ea4c,NOP,Pelicans,115,25,34,24,29,36,22,33,30,,,,,,,,
fe454a9e-3271-444a-808c-e9647f8a4883,0022500053,2025-11-22T02:00:00+00:00,closed,2025,REG,583ecfa8-fb46-11e1-82cb-f4ce4684ea4c,PHX,Suns,114,583eca2f-fb46-11e1-82cb-f4ce4684ea4c,MIN,Timberwolves,113,32,24,30,25,19,33,33,31,,,,,,,,
7fdec25b-17db-40c0-9946-3e16d4cce7c6,0022500054,2025-11-22T02:30:00+00:00,closed,2025,REG,583ecb3a-fb46-11e1-82cb-f4ce4684ea4c,HOU,Rockets,109,583ed102-fb46-11e1-82cb-f4ce4684ea4c,DEN,Nuggets,112,12,25,37,21,29,34,31,32,,,,,,,,
4ed08076-84f9-4da4-902a-8ee52b7d08ad,0022500056,2025-11-22T03:00:00+00:00,closed,2025,REG,583ec825-fb46-11e1-82cb-f4ce4684ea4c,GSW,Warriors,123,583ed056-fb46-11e1-82cb-f4ce4684ea4c,POR,Trail Blazers,127,28,35,44,30,25,29,26,33,,,,,,,,
d39d4d40-6cce-4d94-90b9-8d2541f219ba,0022500055,2025-11-22T03:00:00+00:00,closed,2025,REG,583ece50-fb46-11e1-82cb-f4ce4684ea4c,UTA,Jazz,112,583ecfff-fb46-11e1-82cb-f4ce4684ea4c,OKC,Thunder,144,44,30,24,37,20,43,24,34,,,,,,,,
12a69f13-ff9a-44b4-b2f2-be5a38050c35,0022500268,2025-11-22T18:00:00+00:00,closed,2025,REG,583ec97e-fb46-11e1-82cb-f4ce4684ea4c,CHA,Hornets,116,583ecdfb-fb46-11e1-82cb-f4ce4684ea4c,LAC,Clippers,131,30,38,27,24,25,34,34,35,,,,,,,,
3b5ceddb-3e1c-4963-a516-9a3902127c07,0022500269,2025-11-22T22:00:00+00:00,closed,2025,REG,583ed157-fb46-11e1-82cb-f4ce4684ea4c,ORL,Magic,133,583ec70e-fb46-11e1-82cb-f4ce4684ea4c,NYK,Knicks,121,31,29,33,37,34,27,35,28,,,,,,,,
fee02dfc-22b0-4b2e-9bfb-7144710cb005,0022500270,2025-11-23T00:00:00+00:00,closed,2025,REG,583ecc9a-fb46-11e1-82cb-f4ce4684ea4c,NOP,Pelicans,98,583ecb8f-fb46-11e1-82cb-f4ce4684ea4c,ATL,Hawks,115,25,21,21,35,24,32,28,27,,,,,,,,
3f085c1c-0c4a-42e1-9c49-b8e9774fed8b,0022500272,2025-11-23T01:00:00+00:00,closed,2025,REG,583ecefd-fb46-11e1-82cb-f4ce4684ea4c,MIL,Bucks,116,583ec928-fb46-11e1-82cb-f4ce4684ea4c,DET,Pistons,129,26,30,26,39,33,35,31,25,,,,,,,,
aa382404-7c4d-426b-b11c-a8bf850f2557,0022500271,2025-11-23T01:00:00+00:00,closed,2025,REG,583ec5fd-fb46-11e1-82cb-f4ce4684ea4c,CHI,Bulls,121,583ec8d4-fb46-11e1-82cb-f4ce4684ea4c,WAS,Wizards,120,40,41,24,29,28,28,29,22,,,,,,,,
3b8ccf61-4367-4a6a-9c51-76f960a14dd2,0022500273,2025-11-23T01:30:00+00:00,closed,2025,REG,583ecf50-fb46-11e1-82cb-f4ce4684ea4c,DAL,Mavericks,96,583eca88-fb46-11e1-82cb-f4ce4684ea4c,MEM,Grizzlies,102,22,21,25,22,26,33,23,26,,,,,,,,
c297c6fb-a10b-42db-afb8-39c6dc34a516,0022500274,2025-11-23T03:00:00+00:00,closed,2025,REG,583ed102-fb46-11e1-82cb-f4ce4684ea4c,DEN,Nuggets,123,583ed0ac-fb46-11e1-82cb-f4ce4684ea4c,SAC,Kings,128,35,30,30,31,27,30,31,37,,,,,,,,
a5c961f6-5431-4b05-8962-6a585ac68860,0022500275,2025-11-23T18:00:00+00:00,closed,2025,REG,583ec87d-fb46-11e1-82cb-f4ce4684ea4c,PHI,76ers,117,583ecea6-fb46-11e1-82cb-f4ce4684ea4c,MIA,Heat,127,27,37,40,34,26,28,24,28,,,,,,,,
0ea0f7e2-4c0b-4b0e-b0d6-7231c8577a0b,0022500278,2025-11-23T23:00:00+00:00,closed,2025,REG,583ec773-fb46-11e1-82cb-f4ce4684ea4c,CLE,Cavaliers,120,583ecdfb-fb46-11e1-82cb-f4ce4684ea4c,LAC,Clippers,105,27,24,32,28,33,27,28,26,,,,,,,,
12050a43-c550-4156-a37b-5e539b8b7f06,0022500276,2025-11-23T23:00:00+00:00,closed,2025,REG,583ecb8f-fb46-11e1-82cb-f4ce4684ea4c,ATL,Hawks,113,583ec97e-fb46-11e1-82cb-f4ce4684ea4c,CHA,Hornets,110,28,25,25,30,39,33,21,22,,,,,,,,
940b8fe1-a34a-4fd4-b8b9-c077a5e22baf,0022500277,2025-11-23T23:00:00+00:00,closed,2025,REG,583eccfa-fb46-11e1-82cb-f4ce4684ea4c,BOS,Celtics,138,583ed157-fb46-11e1-82cb-f4ce4684ea4c,ORL,Magic,129,32,27,48,30,30,32,28,40,,,,,,,,
e0c99d51-c9ae-4285-87b0-f95cec26d7f1,0022500279,2025-11-23T23:00:00+00:00,closed,2025,REG,583ecda6-fb46-11e1-82cb-f4ce4684ea4c,TOR,Raptors,119,583ec9d6-fb46-11e1-82cb-f4ce4684ea4c,BKN,Nets,109,34,28,31,30,22,24,32,27,,,,,,,,
2ee0f6c3-00e9-4a57-b14d-48caedf353c3,0022500280,2025-11-24T00:00:00+00:00,closed,2025,REG,583ecfff-fb46-11e1-82cb-f4ce4684ea4c,OKC,Thunder,122,583ed056-fb46-11e1-82cb-f4ce4684ea4c,POR,Trail Blazers,95,39,18,28,28,29,22,26,27,,,,,,,,
20256edf-96b0-4850-92d3-f947953e82c7,0022500282,2025-11-24T01:00:00+00:00,closed,2025,REG,583ece50-fb46-11e1-82cb-f4ce4684ea4c,UTA,Jazz,106,583ecae2-fb46-11e1-82cb-f4ce4684ea4c,LAL,Lakers,108,30,32,25,30,26,22,25,24,,,,,,,,
3fd0af33-5eaa-4a84-8421-9f043406092c,0022500281,2025-11-24T01:00:00+00:00,closed,2025,REG,583ecfa8-fb46-11e1-82cb-f4ce4684ea4c,PHX,Suns,111,583ecd4f-fb46-11e1-82cb-f4ce4684ea4c,SAS,Spurs,102,25,30,24,26,37,24,25,22,,,,,,,,
5d6d5a55-fe3b-4c28-b65b-be69e5782886,0022500283,2025-11-25T00:00:00+00:00,closed,2025,REG,583ec7cd-fb46-11e1-82cb-f4ce4684ea4c,IND,Pacers,117,583ec928-fb46-11e1-82cb-f4ce4684ea4c,DET,Pistons,122,32,35,23,36,33,30,29,21,,,,,,,,
f4860e76-17e5-445b-b09d-4b0e908bc523,0022500284,2025-11-25T00:00:00+00:00,closed,2025,REG,583ecda6-fb46-11e1-82cb-f4ce4684ea4c,TOR,Raptors,110,583ec773-fb46-11e1-82cb-f4ce4684ea4c,CLE,Cavaliers,99,29,32,28,22,31,22,22,23,,,,,,,,
20ea6743-2eeb-4677-82bf-08eaa89a0c3b,0022500285,2025-11-25T00:30:00+00:00,closed,2025,REG,583ec9d6-fb46-11e1-82cb-f4ce4684ea4c,BKN,Nets,100,583ec70e-fb46-11e1-82cb-f4ce4684ea4c,NYK,Knicks,113,26,24,22,27,27,38,25,24,,,,,,,,
dd5c768c-0bf3-4bc2-9a30-91ee04437cbc,0022500286,2025-11-25T00:30:00+00:00,closed,2025,REG,583ecea6-fb46-11e1-82cb-f4ce4684ea4c,MIA,Heat,106,583ecf50-fb46-11e1-82cb-f4ce4684ea4c,DAL,Mavericks,102,20,19,32,25,28,28,26,30,,,,,,,,
33714303-a8d1-4cf3-aa7c-11a90c7ed0ec,0022500288,2025-11-25T01:00:00+00:00,closed,2025,REG,583ecefd-fb46-11e1-82cb-f4ce4684ea4c,MIL,Bucks,103,583ed056-fb46-11e1-82cb-f4ce4684ea4c,POR,Trail Blazers,115,27,32,26,33,21,30,29,20,,,,,,,,
e287d9cb-3593-4d2a-a20c-2ab4e4a40c39,0022500287,2025-11-25T01:00:00+00:00,closed,2025,REG,583eca88-fb46-11e1-82cb-f4ce4684ea4c,MEM,Grizzlies,115,583ed102-fb46-11e1-82cb-f4ce4684ea4c,DEN,Nuggets,125,23,27,31,35,31,31,30,32,,,,,,,,
fd074864-211b-4164-aa6f-b523950b9967,0022500289,2025-11-25T01:00:00+00:00,closed,2025,REG,583ecc9a-fb46-11e1-82cb-f4ce4684ea4c,NOP,Pelicans,143,583ec5fd-fb46-11e1-82cb-f4ce4684ea4c,CHI,Bulls,130,37,30,37,28,34,35,35,37,,,,,,,,
06241342-4951-4acb-9f4e-1836625c9225,0022500290,2025-11-25T02:30:00+00:00,closed,2025,REG,583ecfa8-fb46-11e1-82cb-f4ce4684ea4c,PHX,Suns,92,583ecb3a-fb46-11e1-82cb-f4ce4684ea4c,HOU,Rockets,114,23,30,27,29,25,25,17,30,,,,,,,,
2566d6b0-93cd-43fe-8e27-b1d08465ea5a,0022500291,2025-11-25T03:00:00+00:00,closed,2025,REG,583ec825-fb46-11e1-82cb-f4ce4684ea4c,GSW,Warriors,134,583ece50-fb46-11e1-82cb-f4ce4684ea4c,UTA,Jazz,117,26,35,41,20,39,29,28,33,,,,,,,,
4c648095-4183-4631-9026-837ce2a9b5e1,0022500292,2025-11-25T03:00:00+00:00,closed,2025,REG,583ed0ac-fb46-11e1-82cb-f4ce4684ea4c,SAC,Kings,117,583eca2f-fb46-11e1-82cb-f4ce4684ea4c,MIN,Timberwolves,112,23,27,23,27,31,28,24,19,16,11,,,,,,
c17d390f-c5c6-45b1-a990-fd7360e53767,0022500057,2025-11-26T00:00:00+00:00,closed,2025,REG,583ec8d4-fb46-11e1-82cb-f4ce4684ea4c,WAS,Wizards,132,583ecb8f-fb46-11e1-82cb-f4ce4684ea4c,ATL,Hawks,113,45,23,32,32,34,23,21,35,,,,,,,,
0addbb22-0992-45a9-91f8-028e6aba815f,0022500058,2025-11-26T01:00:00+00:00,closed,2025,REG,583ec87d-fb46-11e1-82cb-f4ce4684ea4c,PHI,76ers,103,583ed157-fb46-11e1-82cb-f4ce4684ea4c,ORL,Magic,144,35,35,25,51,23,35,20,23,,,,,,,,
69b7396a-213e-4075-8ecb-5412665f5259,0022500059,2025-11-26T04:00:00+00:00,closed,2025,REG,583ecae2-fb46-11e1-82cb-f4ce4684ea4c,LAL,Lakers,135,583ecdfb-fb46-11e1-82cb-f4ce4684ea4c,LAC,Clippers,118,37,38,32,28,29,27,37,25,,,,,,,,
07d88c0e-2684-44ea-83e8-83f6587be01a,0022500060,2025-11-26T22:00:00+00:00,closed,2025,REG,583eccfa-fb46-11e1-82cb-f4ce4684ea4c,BOS,Celtics,117,583ec928-fb46-11e1-82cb-f4ce4684ea4c,DET,Pistons,114,24,30,33,28,29,25,31,31,,,,,,,,
2ffb8fa2-5e7a-4304-a36a-dc57917abeb1,0022500061,2025-11-27T00:00:00+00:00,closed,2025,REG,583ec97e-fb46-11e1-82cb-f4ce4684ea4c,CHA,Hornets,101,583ec70e-fb46-11e1-82cb-f4ce4684ea4c,NYK,Knicks,129,31,37,16,35,28,26,26,31,,,,,,,,
0248f079-1785-4009-b0c1-58a83f986994,0022500064,2025-11-27T00:30:00+00:00,closed,2025,REG,583ecfff-fb46-11e1-82cb-f4ce4684ea4c,OKC,Thunder,113,583eca2f-fb46-11e1-82cb-f4ce4684ea4c,MIN,Timberwolves,105,24,17,25,22,29,32,35,34,,,,,,,,
579cfe5b-e50b-40f9-9832-7cbd238c584b,0022500062,2025-11-27T00:30:00+00:00,closed,2025,REG,583ecea6-fb46-11e1-82cb-f4ce4684ea4c,MIA,Heat,106,583ecefd-fb46-11e1-82cb-f4ce4684ea4c,MIL,Bucks,103,29,27,24,20,28,30,25,26,,,,,,,,
e76bd837-26d9-40ca-8060-c949f38420ae,0022500063,2025-11-27T00:30:00+00:00,closed,2025,REG,583ecda6-fb46-11e1-82cb-f4ce4684ea4c,TOR,Raptors,97,583ec7cd-fb46-11e1-82cb-f4ce4684ea4c,IND,Pacers,95,21,25,29,24,26,21,21,25,,,,,,,,
f328da94-bfdc-47f1-9b2c-5d3b5b937adb,0022500065,2025-11-27T01:00:00+00:00,closed,2025,REG,583ecc9a-fb46-11e1-82cb-f4ce4684ea4c,NOP,Pelicans,128,583eca88-fb46-11e1-82cb-f4ce4684ea4c,MEM,Grizzlies,133,39,25,29,28,32,39,22,30,6,11,,,,,,
35d9fddf-a178-4f7c-a56d-933c6269f368,0022500067,2025-11-27T03:00:00+00:00,closed,2025,REG,583ed056-fb46-11e1-82cb-f4ce4684ea4c,POR,Trail Blazers,102,583ecd4f-fb46-11e1-82cb-f4ce4684ea4c,SAS,Spurs,115,30,29,24,27,32,35,16,24,,,,,,,,
3f3627e1-28d0-45de-9afe-16a727c95976,0022500068,2025-11-27T03:00:00+00:00,closed,2025,REG,583ed0ac-fb46-11e1-82cb-f4ce4684ea4c,SAC,Kings,100,583ecfa8-fb46-11e1-82cb-f4ce4684ea4c,PHX,Suns,112,16,41,29,26,28,16,27,29,,,,,,,,
537cece8-8c91-4893-9ad5-88049e96bf4d,0022500066,2025-11-27T03:00:00+00:00,closed,2025,REG,583ec825-fb46-11e1-82cb-f4ce4684ea4c,GSW,Warriors,100,583ecb3a-fb46-11e1-82cb-f4ce4684ea4c,HOU,Rockets,104,25,22,34,25,17,27,24,30,,,,,,,,
10b2dca3-4f89-4284-a527-f5ba5e08e7b6,0022500073,2025-11-29T00:30:00+00:00,closed,2025,REG,583ec7cd-fb46-11e1-82cb-f4ce4684ea4c,IND,Pacers,119,583ec8d4-fb46-11e1-82cb-f4ce4684ea4c,WAS,Wizards,86,30,24,34,28,30,21,25,13,,,,,,,,
2b7e5f0e-ed87-46db-b704-27e6341e8cdf,0022500071,2025-11-29T00:30:00+00:00,closed,2025,REG,583ec97e-fb46-11e1-82cb-f4ce4684ea4c,CHA,Hornets,123,583ec5fd-fb46-11e1-82cb-f4ce4684ea4c,CHI,Bulls,116,32,29,35,33,26,32,30,22,,,,,,,,
3bad3987-3b58-4eb2-8f9e-03300adc8b18,0022500070,2025-11-29T00:30:00+00:00,closed,2025,REG,583ec9d6-fb46-11e1-82cb-f4ce4684ea4c,BKN,Nets,103,583ec87d-fb46-11e1-82cb-f4ce4684ea4c,PHI,76ers,115,23,31,25,32,27,24,28,28,,,,,,,,
74165f40-e128-4897-aac6-76a089562bec,0022500069,2025-11-29T00:30:00+00:00,closed,2025,REG,583ecb8f-fb46-11e1-82cb-f4ce4684ea4c,ATL,Hawks,130,583ec773-fb46-11e1-82cb-f4ce4684ea4c,CLE,Cavaliers,123,33,23,27,39,37,28,33,33,,,,,,,,
baf7472d-7341-43d1-8ede-0b5cb348d842,0022500072,2025-11-29T00:30:00+00:00,closed,2025,REG,583ec928-fb46-11e1-82cb-f4ce4684ea4c,DET,Pistons,109,583ed157-fb46-11e1-82cb-f4ce4684ea4c,ORL,Magic,112,33,31,25,28,26,30,25,23,,,,,,,,
f74f0fd4-c957-4dad-94f7-3df6b0fb5180,0022500074,2025-11-29T00:30:00+00:00,closed,2025,REG,583ec70e-fb46-11e1-82cb-f4ce4684ea4c,NYK,Knicks,118,583ecefd-fb46-11e1-82cb-f4ce4684ea4c,MIL,Bucks,109,33,37,28,25,31,26,26,21,,,,,,,,
e0dabb39-e37b-49f3-ab3d-feb6eec6b08d,0022500075,2025-11-29T02:30:00+00:00,closed,2025,REG,583ecfff-fb46-11e1-82cb-f4ce4684ea4c,OKC,Thunder,123,583ecfa8-fb46-11e1-82cb-f4ce4684ea4c,PHX,Suns,119,25,25,31,27,38,30,29,37,,,,,,,,
e84f75db-64c1-40bf-b6b0-38dc73f6b2c4,0022500077,2025-11-29T02:30:00+00:00,closed,2025,REG,583ece50-fb46-11e1-82cb-f4ce4684ea4c,UTA,Jazz,128,583ed0ac-fb46-11e1-82cb-f4ce4684ea4c,SAC,Kings,119,30,27,32,24,28,22,38,46,,,,,,,,
ef26f912-41a1-4863-93f6-dc2d55c3a999,0022500076,2025-11-29T02:30:00+00:00,closed,2025,REG,583ed102-fb46-11e1-82cb-f4ce4684ea4c,DEN,Nuggets,136,583ecd4f-fb46-11e1-82cb-f4ce4684ea4c,SAS,Spurs,139,33,41,41,18,30,44,32,36,,,,,,,,
89238396-cbfa-4509-ace5-679fab9fd6fd,0022500078,2025-11-29T03:00:00+00:00,closed,2025,REG,583ecae2-fb46-11e1-82cb-f4ce4684ea4c,LAL,Lakers,129,583ecf50-fb46-11e1-82cb-f4ce4684ea4c,DAL,Mavericks,119,28,22,32,40,38,32,31,25,,,,,,,,
e1d13a17-04ac-42b0-bf73-2fe00d335b4d,0022500079,2025-11-29T03:00:00+00:00,closed,2025,REG,583ecdfb-fb46-11e1-82cb-f4ce4684ea4c,LAC,Clippers,107,583eca88-fb46-11e1-82cb-f4ce4684ea4c,MEM,Grizzlies,112,35,24,28,26,18,28,26,34,,,,,,,,
daa59daf-f303-4eab-828c-265454d660d3,0022500293,2025-11-29T22:00:00+00:00,closed,2025,REG,583eca2f-fb46-11e1-82cb-f4ce4684ea4c,MIN,Timberwolves,119,583eccfa-fb46-11e1-82cb-f4ce4684ea4c,BOS,Celtics,115,32,36,27,33,35,23,25,23,,,,,,,,
2a92165e-f4bf-42fd-ab41-411a239ae827,0022500294,2025-11-29T23:00:00+00:00,closed,2025,REG,583ec97e-fb46-11e1-82cb-f4ce4684ea4c,CHA,Hornets,118,583ecda6-fb46-11e1-82cb-f4ce4684ea4c,TOR,Raptors,111,21,34,31,24,28,29,24,17,14,7,,,,,,
fe46dd2c-a7d3-40dc-bd74-cc2ef2485bc7,0022500295,2025-11-30T00:30:00+00:00,closed,2025,REG,583ec7cd-fb46-11e1-82cb-f4ce4684ea4c,IND,Pacers,103,583ec5fd-fb46-11e1-82cb-f4ce4684ea4c,CHI,Bulls,101,26,27,35,27,25,26,17,21,,,,,,,,
9b98c9b8-8542-41b9-85fc-a27ad702aa4d,0022500296,2025-11-30T01:00:00+00:00,closed,2025,REG,583ecea6-fb46-11e1-82cb-f4ce4684ea4c,MIA,Heat,135,583ec928-fb46-11e1-82cb-f4ce4684ea4c,DET,Pistons,138,23,36,36,35,32,37,44,30,,,,,,,,
cb33eb76-5335-4f43-a247-da0cca2739e0,0022500297,2025-11-30T01:00:00+00:00,closed,2025,REG,583ecefd-fb46-11e1-82cb-f4ce4684ea4c,MIL,Bucks,116,583ec9d6-fb46-11e1-82cb-f4ce4684ea4c,BKN,Nets,99,32,29,39,24,28,17,17,29,,,,,,,,
be7e6e9c-c2bf-4d62-8346-2e2620dbbcbc,0022500298,2025-11-30T01:30:00+00:00,closed,2025,REG,583ec825-fb46-11e1-82cb-f4ce4684ea4c,GSW,Warriors,104,583ecc9a-fb46-11e1-82cb-f4ce4684ea4c,NOP,Pelicans,96,17,18,25,20,31,34,31,24,,,,,,,,
e0623dbe-f8f7-4f64-9438-b3eade99f836,0022500299,2025-11-30T02:00:00+00:00,closed,2025,REG,583ecfa8-fb46-11e1-82cb-f4ce4684ea4c,PHX,Suns,112,583ed102-fb46-11e1-82cb-f4ce4684ea4c,DEN,Nuggets,130,25,30,35,33,25,33,27,34,,,,,,,,
e9bd7979-f785-4ab3-9f25-71a8d6fac8ba,0022500300,2025-11-30T03:00:00+00:00,closed,2025,REG,583ecdfb-fb46-11e1-82cb-f4ce4684ea4c,LAC,Clippers,110,583ecf50-fb46-11e1-82cb-f4ce4684ea4c,DAL,Mavericks,114,28,25,28,24,27,34,27,31,,,,,,,,
3fee8ab4-8ebd-4d73-acbc-b306decb6057,0022500301,2025-11-30T20:00:00+00:00,closed,2025,REG,583ece50-fb46-11e1-82cb-f4ce4684ea4c,UTA,Jazz,101,583ecb3a-fb46-11e1-82cb-f4ce4684ea4c,HOU,Rockets,129,21,30,27,37,20,31,33,31,,,,,,,,
0d82ff1d-90c5-4986-832e-1f0ebd2d7ccc,0022500302,2025-11-30T23:00:00+00:00,closed,2025,REG,583ec773-fb46-11e1-82cb-f4ce4684ea4c,CLE,Cavaliers,115,583eccfa-fb46-11e1-82cb-f4ce4684ea4c,BOS,Celtics,117,26,28,25,30,28,32,36,27,,,,,,,,
8f02612c-e7fe-4f7a-bd1d-2b9ef422b6e9,0022500303,2025-11-30T23:00:00+00:00,closed,2025,REG,583ec70e-fb46-11e1-82cb-f4ce4684ea4c,NYK,Knicks,116,583ecda6-fb46-11e1-82cb-f4ce4684ea4c,TOR,Raptors,94,41,22,18,30,34,25,23,17,,,,,,,,
a5db9367-e9bf-4991-897b-ad2ee206357d,0022500304,2025-11-30T23:00:00+00:00,closed,2025,REG,583ec87d-fb46-11e1-82cb-f4ce4684ea4c,PHI,76ers,134,583ecb8f-fb46-11e1-82cb-f4ce4684ea4c,ATL,Hawks,142,29,25,29,32,31,26,26,32,11,11,8,16,,,,
ae650b28-95ac-42da-a042-88b7670fa5ee,0022500305,2025-11-30T23:00:00+00:00,closed,2025,REG,583ed056-fb46-11e1-82cb-f4ce4684ea4c,POR,Trail Blazers,115,583ecfff-fb46-11e1-82cb-f4ce4684ea4c,OKC,Thunder,123,19,24,36,30,32,31,28,38,,,,,,,,
d634ec63-8fe2-41a6-a8cb-69ad7913724b,0022500306,2025-12-01T00:00:00+00:00,closed,2025,REG,583eca2f-fb46-11e1-82cb-f4ce4684ea4c,MIN,Timberwolves,125,583ecd4f-fb46-11e1-82cb-f4ce4684ea4c,SAS,Spurs,112,32,37,29,25,28,31,36,19,,,,,,,,
14249c05-a18e-4b7a-a002-eb645a6d6f22,0022500307,2025-12-01T02:00:00+00:00,closed,2025,REG,583ed0ac-fb46-11e1-82cb-f4ce4684ea4c,SAC,Kings,107,583eca88-fb46-11e1-82cb-f4ce4684ea4c,MEM,Grizzlies,115,35,31,24,31,28,21,20,32,,,,,,,,
7f021583-600d-4794-bcd0-c6e2690c720d,0022500308,2025-12-01T02:30:00+00:00,closed,2025,REG,583ecae2-fb46-11e1-82cb-f4ce4684ea4c,LAL,Lakers,133,583ecc9a-fb46-11e1-82cb-f4ce4684ea4c,NOP,Pelicans,121,46,27,31,30,31,35,25,29,,,,,,,,
256451c3-238d-41aa-b590-0cafe3fc11b4,0022500311,2025-12-02T00:00:00+00:00,closed,2025,REG,583ec8d4-fb46-11e1-82cb-f4ce4684ea4c,WAS,Wizards,129,583ecefd-fb46-11e1-82cb-f4ce4684ea4c,MIL,Bucks,126,28,34,30,32,33,28,38,32,,,,,,,,
868b268b-5f41-4308-8552-d4f047fa452c,0022500309,2025-12-02T00:00:00+00:00,closed,2025,REG,583ec928-fb46-11e1-82cb-f4ce4684ea4c,DET,Pistons,99,583ecb8f-fb46-11e1-82cb-f4ce4684ea4c,ATL,Hawks,98,25,27,25,22,24,19,25,30,,,,,,,,
997ebb51-4750-4dbb-bfa9-c7831086df04,0022500310,2025-12-02T00:00:00+00:00,closed,2025,REG,583ec7cd-fb46-11e1-82cb-f4ce4684ea4c,IND,Pacers,119,583ec773-fb46-11e1-82cb-f4ce4684ea4c,CLE,Cavaliers,135,25,37,29,29,36,33,29,36,,,,,,,,
2f21255b-7378-4180-b77a-d4485b37147d,0022500313,2025-12-02T00:30:00+00:00,closed,2025,REG,583ecea6-fb46-11e1-82cb-f4ce4684ea4c,MIA,Heat,140,583ecdfb-fb46-11e1-82cb-f4ce4684ea4c,LAC,Clippers,123,35,24,41,32,38,26,26,41,,,,,,,,
2f95e11d-b55c-4720-810e-70ddb320b154,0022500314,2025-12-02T00:30:00+00:00,closed,2025,REG,583ed157-fb46-11e1-82cb-f4ce4684ea4c,ORL,Magic,125,583ec5fd-fb46-11e1-82cb-f4ce4684ea4c,CHI,Bulls,120,29,26,24,27,32,32,40,35,,,,,,,,
6dabbf2c-7b5d-4ea7-8aee-f5f672ba5133,0022500312,2025-12-02T00:30:00+00:00,closed,2025,REG,583ec9d6-fb46-11e1-82cb-f4ce4684ea4c,BKN,Nets,116,583ec97e-fb46-11e1-82cb-f4ce4684ea4c,CHA,Hornets,103,26,27,33,32,29,23,28,21,,,,,,,,
322a2066-1326-4fc8-a119-4b310003d2cc,0022500316,2025-12-02T02:00:00+00:00,closed,2025,REG,583ece50-fb46-11e1-82cb-f4ce4684ea4c,UTA,Jazz,133,583ecb3a-fb46-11e1-82cb-f4ce4684ea4c,HOU,Rockets,125,31,32,37,25,30,32,35,36,,,,,,,,
ef146142-1b01-43b9-bb0a-658bb6006ec5,0022500315,2025-12-02T02:00:00+00:00,closed,2025,REG,583ed102-fb46-11e1-82cb-f4ce4684ea4c,DEN,Nuggets,121,583ecf50-fb46-11e1-82cb-f4ce4684ea4c,DAL,Mavericks,131,41,27,27,42,36,33,17,29,,,,,,,,
27b3dc60-015d-4e3f-9462-36acc94f99cb,0022500317,2025-12-02T03:00:00+00:00,closed,2025,REG,583ecae2-fb46-11e1-82cb-f4ce4684ea4c,LAL,Lakers,108,583ecfa8-fb46-11e1-82cb-f4ce4684ea4c,PHX,Suns,125,31,31,21,35,25,30,31,29,,,,,,,,
840c504f-a5d3-464b-9d85-513b79ea8db1,0022500318,2025-12-03T00:00:00+00:00,closed,2025,REG,583ec87d-fb46-11e1-82cb-f4ce4684ea4c,PHI,76ers,121,583ec8d4-fb46-11e1-82cb-f4ce4684ea4c,WAS,Wizards,102,34,31,32,23,35,23,20,25,,,,,,,,
6b73d352-3194-4844-b530-aefa325f4608,0022500319,2025-12-03T00:30:00+00:00,closed,2025,REG,583ecda6-fb46-11e1-82cb-f4ce4684ea4c,TOR,Raptors,121,583ed056-fb46-11e1-82cb-f4ce4684ea4c,POR,Trail Blazers,118,37,39,28,20,32,23,24,36,,,,,,,,
47ebbf4a-470c-424b-a292-7b4a06befd3c,0022500322,2025-12-03T01:00:00+00:00,closed,2025,REG,583ecd4f-fb46-11e1-82cb-f4ce4684ea4c,SAS,Spurs,126,583eca88-fb46-11e1-82cb-f4ce4684ea4c,MEM,Grizzlies,119,36,32,27,27,34,39,29,21,,,,,,,,
d276472d-8604-4ea8-b483-3f630efde614,0022500321,2025-12-03T01:00:00+00:00,closed,2025,REG,583ecc9a-fb46-11e1-82cb-f4ce4684ea4c,NOP,Pelicans,142,583eca2f-fb46-11e1-82cb-f4ce4684ea4c,MIN,Timberwolves,149,25,31,43,27,35,42,26,29,13,20,,,,,,
d659de6c-9fbf-4104-aecd-c694629eed0c,0022500320,2025-12-03T01:00:00+00:00,closed,2025,REG,583eccfa-fb46-11e1-82cb-f4ce4684ea4c,BOS,Celtics,123,583ec70e-fb46-11e1-82cb-f4ce4684ea4c,NYK,Knicks,117,21,32,37,20,36,24,29,41,,,,,,,,
137d3493-0c06-43ce-9a1a-591d0ced9d25,0022500323,2025-12-03T04:00:00+00:00,closed,2025,REG,583ec825-fb46-11e1-82cb-f4ce4684ea4c,GSW,Warriors,112,583ecfff-fb46-11e1-82cb-f4ce4684ea4c,OKC,Thunder,124,26,32,18,31,44,28,24,33,,,,,,,,
ae6b255f-5fca-4c8c-9f78-963cebe1e38b,0022500325,2025-12-04T00:00:00+00:00,closed,2025,REG,583ec7cd-fb46-11e1-82cb-f4ce4684ea4c,IND,Pacers,120,583ed102-fb46-11e1-82cb-f4ce4684ea4c,DEN,Nuggets,135,28,33,20,39,31,30,41,33,,,,,,,,
dfb472dc-9c57-4233-af26-d6839a344f3b,0022500324,2025-12-04T00:00:00+00:00,closed,2025,REG,583ec773-fb46-11e1-82cb-f4ce4684ea4c,CLE,Cavaliers,110,583ed056-fb46-11e1-82cb-f4ce4684ea4c,POR,Trail Blazers,122,33,36,25,32,27,31,25,23,,,,,,,,
fbd70f6d-6a2a-4e80-a018-0a3269199172,0022500326,2025-12-04T00:00:00+00:00,closed,2025,REG,583ed157-fb46-11e1-82cb-f4ce4684ea4c,ORL,Magic,112,583ecd4f-fb46-11e1-82cb-f4ce4684ea4c,SAS,Spurs,114,29,31,20,27,30,28,33,28,,,,,,,,
85eb042e-3c8c-47cb-aeea-c104b2885ed7,0022500327,2025-12-04T00:30:00+00:00,closed,2025,REG,583ecb8f-fb46-11e1-82cb-f4ce4684ea4c,ATL,Hawks,92,583ecdfb-fb46-11e1-82cb-f4ce4684ea4c,LAC,Clippers,115,21,27,20,28,32,39,19,21,,,,,,,,
b284480c-a969-4c00-9469-a66555e20ed1,0022500328,2025-12-04T00:30:00+00:00,closed,2025,REG,583ec70e-fb46-11e1-82cb-f4ce4684ea4c,NYK,Knicks,119,583ec97e-fb46-11e1-82cb-f4ce4684ea4c,CHA,Hornets,104,27,12,26,35,37,28,29,29,,,,,,,,
5a49e1ae-fb00-4783-95d8-23c9f9cdcc90,0022500329,2025-12-04T01:00:00+00:00,closed,2025,REG,583ec5fd-fb46-11e1-82cb-f4ce4684ea4c,CHI,Bulls,103,583ec9d6-fb46-11e1-82cb-f4ce4684ea4c,BKN,Nets,113,24,29,20,25,31,29,28,30,,,,,,,,
73d9f781-b061-4109-98ae-37c78faab4c4,0022500331,2025-12-04T01:00:00+00:00,closed,2025,REG,583ecefd-fb46-11e1-82cb-f4ce4684ea4c,MIL,Bucks,113,583ec928-fb46-11e1-82cb-f4ce4684ea4c,DET,Pistons,109,21,30,28,22,29,33,35,24,,,,,,,,
ef514f2f-419f-43d8-a487-c42c92f3c9c4,0022500330,2025-12-04T01:00:00+00:00,closed,2025,REG,583ecb3a-fb46-11e1-82cb-f4ce4684ea4c,HOU,Rockets,121,583ed0ac-fb46-11e1-82cb-f4ce4684ea4c,SAC,Kings,95,28,26,23,26,36,19,34,24,,,,,,,,
a4597268-2337-4958-9219-5c3c441b6c95,0022500332,2025-12-04T01:30:00+00:00,closed,2025,REG,583ecf50-fb46-11e1-82cb-f4ce4684ea4c,DAL,Mavericks,118,583ecea6-fb46-11e1-82cb-f4ce4684ea4c,MIA,Heat,108,28,33,36,21,29,26,25,28,,,,,,,,
